,date,open,high,low,close,adj_close,volume,adj_close_5,true_adj_close_5,buy_profit,sell_profit
2783.0,2018-05-22,54.380001,54.990002,53.419998,53.52,51.075882,4943600,50.519455,51.829807,-0.5564270439453125,0.0
2784.0,2018-05-23,53.209999,53.459999,52.98,53.400002,50.961369,3692000,50.598362,51.581684,-0.3630070310058571,0.0
2785.0,2018-05-24,53.529999,54.57,53.529999,54.400002,51.915699,5251200,50.704216,51.934776,-1.2114829965820277,0.0
2786.0,2018-05-25,54.650002,56.119999,54.619999,55.869999,53.318562,7597300,51.05323,52.669613,0.0,2.2653317143554688
2787.0,2018-05-29,55.389999,55.599998,53.82,54.23,51.753456,6544600,51.28931,52.173367,-0.4641455446777343,0.0
2788.0,2018-05-30,54.490002,54.709999,53.669998,54.310001,51.829807,4149700,51.427963,51.696194,0.0,0.4018437431640649
2789.0,2018-05-31,54.419998,54.84,53.939999,54.049999,51.581684,5365500,51.610588,51.01862,0.0,-0.028904073730465996
2790.0,2018-06-01,54.419998,54.73,54.07,54.419998,51.934776,4317800,51.626583,51.61985,0.0,0.308192900634765
2791.0,2018-06-04,54.779999,55.43,54.450001,55.189999,52.669613,4472400,51.51163,52.38332,0.0,1.1579819880371076
2792.0,2018-06-05,54.959999,55.0,54.290001,54.669998,52.173367,4968300,51.545647,52.058846,0.0,0.6277203325195302
2793.0,2018-06-06,53.200001,54.310001,52.630001,54.169998,51.696194,10825300,51.498108,52.15427,-0.19808608984374843,0.0
2794.0,2018-06-07,53.91,54.07,52.889999,53.459999,51.01862,6858000,51.365482,52.39286,0.3468623303222671,0.0
2795.0,2018-06-08,53.060001,54.139999,53.060001,54.09,51.61985,5858500,51.178024,52.660076,-0.44182570800781207,0.0
2796.0,2018-06-11,54.360001,55.84,54.240002,54.889999,52.38332,6800800,51.06818,52.297428,0.0,1.315139915771482
2797.0,2018-06-12,54.84,54.84,53.98,54.549999,52.058846,5253700,51.08445,51.324005,0.0,0.9743962319335964
2798.0,2018-06-13,54.630001,55.07,54.380001,54.650002,52.15427,4384900,51.297302,51.381268,0.0,0.8569677539062468
2799.0,2018-06-14,54.779999,55.5,54.610001,54.900002,52.39286,5456100,51.55338,51.276291,0.0,0.8394809411621083
2800.0,2018-06-15,54.650002,55.18,54.119999,55.18,52.660076,8125300,51.758163,50.31242,0.0,0.901912547851559
2801.0,2018-06-18,54.73,55.060001,54.299999,54.799999,52.297428,5836500,51.7524,48.966805,0.0,0.5450285554199183
2802.0,2018-06-19,54.330002,54.439999,53.32,53.779999,51.324005,5830800,51.68494,48.73777000000001,0.0,-0.36093533813476597
2803.0,2018-06-20,54.0,54.59,53.709999,53.84,51.381268,4541300,51.54721,47.611652,0.0,-0.1659426933593764
2804.0,2018-06-21,53.799999,54.310001,53.400002,53.73,51.276291,4806800,51.32853,47.525764,0.0,-0.05223835791015574
2805.0,2018-06-22,53.5,53.990002,52.419998,52.720001,50.31242,10311600,51.033096,47.277641,0.0,-0.7206763134765595
2806.0,2018-06-25,52.279999,52.599998,50.720001,51.310001,48.966805,7547800,50.545155,47.640278,0.0,-1.5783495715332023
2807.0,2018-06-26,51.529999,51.619999,50.91,51.07,48.73777000000001,4810300,50.02986,46.552345,0.0,-1.2920914501953007
2808.0,2018-06-27,51.029999,51.18,49.700001,49.889999,47.611652,9035800,49.350952,47.010422,0.0,-1.7393001484375006
2809.0,2018-06-28,49.82,50.009998,49.049999,49.799999,47.525764,6871800,48.58114,47.315811,0.0,-1.0553746108398414
2810.0,2018-06-29,49.810001,50.32,49.509998,49.540001,47.277641,6703900,47.92901,48.203339,0.6513674838867161,0.0
2811.0,2018-07-02,49.25,50.169998,48.91,49.919998,47.640278,8300000,47.515747,48.289234,-0.12453092968750212,0.0
2812.0,2018-07-03,49.25,49.529999,48.619999,48.779999,46.552345,6449500,47.129944,47.563938,0.5775988476562475,0.0
2813.0,2018-07-05,49.099998,49.279999,48.52,49.259998,47.010422,6335900,46.88155,48.413292,-0.12887216479492025,0.0
2814.0,2018-07-06,49.34,49.779999,49.080002,49.580002,47.315811,4903000,46.793255,48.451469,-0.5225561477050746,0.0
2815.0,2018-07-09,49.580002,50.779999,49.299999,50.509998,48.203339,7895600,46.819405,48.35603,-1.3839343979492185,0.0
2816.0,2018-07-10,50.599998,50.66,49.610001,50.599998,48.289234,7366600,46.971428,48.804565,-1.3178060825195317,0.0
2817.0,2018-07-11,50.139999,50.139999,48.810001,49.84,47.563938,10426500,47.179886,50.388763,-0.3840521357421878,0.0
2818.0,2018-07-12,50.900002,51.279999,49.119999,50.73,48.413292,12625600,47.422012,50.579628,-0.9912796708984359,0.0
2819.0,2018-07-13,50.5,50.990002,50.330002,50.77,48.451469,6835900,47.63152,49.61575300000001,-0.8199496823730499,0.0
2820.0,2018-07-16,50.900002,50.91,50.09,50.669998,48.35603,8603200,47.741867,49.854336,-0.6141629345703095,0.0
2821.0,2018-07-17,50.599998,51.57,50.599998,51.139999,48.804565,5299000,47.8588,49.319908,-0.945766019287106,0.0
2822.0,2018-07-18,52.439999,53.549999,52.380001,52.799999,50.388763,10212300,48.321865,49.63699,0.0,2.066897918212888
2823.0,2018-07-19,52.860001,53.240002,52.43,53.0,50.579628,6391400,48.776474,51.866135,-1.803154000976562,0.0
2824.0,2018-07-20,52.66,52.889999,51.970001,51.990002,49.61575300000001,6697500,49.182266,52.327332,-0.4334867646484497,0.0
2825.0,2018-07-23,51.799999,52.380001,51.330002,52.240002,49.854336,4509200,49.47258,51.683578,-0.38175604394531604,0.0
2826.0,2018-07-24,52.380001,52.560001,51.57,51.68,49.319908,4652700,49.61848,52.288906,0.2985726823730488,0.0
2827.0,2018-07-25,51.259998,51.720001,51.259998,51.66,49.63699,4727600,49.396164,51.491409,-0.24082605957030978,0.0
2828.0,2018-07-26,51.66,54.240002,51.509998,53.98,51.866135,10322100,49.339687,51.798878,0.0,2.5264476525878905
2829.0,2018-07-27,53.950001,54.77,53.919998,54.459999,52.327332,6561000,49.667103,52.13517,0.0,2.6602291862792953
2830.0,2018-07-30,54.32,54.880001,53.75,53.790001,51.683578,5676700,50.156174,52.288906,-1.5274042939453096,0.0
2831.0,2018-07-31,53.93,55.049999,53.810001,54.419998,52.288906,6048100,50.680458,52.557945,-1.608447931152341,0.0
2832.0,2018-08-01,54.790001,54.869999,53.389999,53.59,51.491409,4203400,51.187458,53.067184,-0.3039509616699192,0.0
2833.0,2018-08-02,53.209999,54.099998,52.939999,53.91,51.798878,4483600,51.293877,53.172878,-0.5050013520507832,0.0
2834.0,2018-08-03,54.16,54.439999,54.009998,54.259998,52.13517,3147300,51.23215,52.56754300000001,-0.9030189685058616,0.0
2835.0,2018-08-06,54.099998,54.529999,53.84,54.419998,52.288906,3122300,51.237206,52.096741,0.0,1.0517004946289035
2836.0,2018-08-07,54.599998,55.09,54.52,54.700001,52.557945,4425300,51.295635,52.615585,-1.2623097766113247,0.0
2837.0,2018-08-08,54.869999,55.549999,54.849998,55.23,53.067184,3562200,51.494286,53.067184,0.0,0.0
2838.0,2018-08-09,55.209999,55.720001,55.130001,55.34,53.172878,2890400,51.81676,53.278576,-1.356116983154294,0.0
2839.0,2018-08-10,54.779999,54.830002,53.849998,54.709999,52.56754300000001,4204400,51.946438,53.470737,-0.6211051643066483,0.0
2840.0,2018-08-13,54.880001,54.880001,53.759998,54.220001,52.096741,3896600,51.98542,55.171425,-0.11132077294922027,0.0
2841.0,2018-08-14,54.259998,55.060001,54.259998,54.759998,52.615585,3459900,51.929363,55.344372,-0.6862217492675811,0.0
2842.0,2018-08-15,54.799999,55.549999,54.360001,55.23,53.067184,4896500,51.863922,54.6814,-1.2032618808593725,0.0
2843.0,2018-08-16,55.330002,55.799999,55.220001,55.450001,53.278576,3366100,51.876545,54.710224,-1.402031047607423,0.0
2844.0,2018-08-17,55.490002,55.990002,55.310001,55.650002,53.470737,3266500,52.081627,54.940823,-1.389110107910156,0.0
2845.0,2018-08-20,55.970001,57.700001,55.860001,57.419998,55.171425,7005800,52.479794,55.488503,-2.691631451416015,0.0
2846.0,2018-08-21,57.529999,58.029999,57.439999,57.599998,55.344372,4732300,53.01623,56.487774,-2.3281404631347655,0.0
2847.0,2018-08-22,57.5,57.5,56.779999,56.91,54.6814,4246100,53.479126,56.228348,-1.2022740234374965,0.0
2848.0,2018-08-23,56.810001,57.32,56.720001,56.939999,54.710224,3051900,53.809063,56.151474,-0.9011610422363248,0.0
2849.0,2018-08-24,56.779999,57.380001,56.549999,57.18,54.940823,3149600,54.04634,56.189915,-0.8944820576171892,0.0
2850.0,2018-08-27,57.470001,57.93,57.27,57.75,55.488503,4278900,54.123608,56.574249,-1.3648953645019546,0.0
2851.0,2018-08-28,57.950001,58.869999,57.810001,58.790001,56.487774,7035300,54.228783,54.96965,0.0,2.258991346191408
2852.0,2018-08-29,58.799999,58.869999,58.41,58.52,56.228348,4543300,54.524857,54.229801,0.0,1.7034914326171844
2853.0,2018-08-30,58.330002,58.689999,58.18,58.439999,56.151474,3020300,54.84642,54.633354,0.0,1.3050537119140628
2854.0,2018-08-31,58.439999,58.779999,58.34,58.48,56.189915,6076700,55.12978,55.305943000000006,0.0,1.060135184326171
2855.0,2018-09-04,58.5,59.18,58.439999,58.880001,56.574249,5017400,55.314564,55.98814,0.0,1.2596852487792987
2856.0,2018-09-05,59.0,59.599998,56.950001,57.209999,54.96965,9495500,55.29228,55.142601,0.3226282897949204,0.0
2857.0,2018-09-06,57.209999,57.52,56.18,56.439999,54.229801,7618100,55.036366,55.555759,0.8065645090332012,0.0
2858.0,2018-09-07,56.080002,57.68,55.689999,56.860001,54.633354,6307600,54.683907,55.661453,0.050552555175784164,0.0
2859.0,2018-09-10,57.049999,57.740002,56.82,57.560001,55.305943000000006,3894900,54.36786,55.690277,-0.9380841132812563,0.0
2860.0,2018-09-11,57.330002,58.459999,57.16,58.27,55.98814,4717500,54.150265,55.565372,0.0,1.837875260009767
2861.0,2018-09-12,58.34,58.380001,57.16,57.389999,55.142601,5116100,54.144485,55.632629,-0.9981155263671866,0.0
2862.0,2018-09-13,57.389999,58.25,57.389999,57.82,55.555759,3568400,54.356373,55.853622,-1.1993861667480488,0.0
2863.0,2018-09-14,57.759998,58.330002,57.630001,57.93,55.661453,3449300,54.580517,57.275665,-1.0809361848144547,0.0
2864.0,2018-09-17,57.790001,58.360001,57.790001,57.959999,55.690277,3944600,54.687294,55.161816,0.0,1.0029829936523456
2865.0,2018-09-18,57.869999,58.299999,56.919998,57.830002,55.565372,3746900,54.676323,54.863953,0.0,0.8890490629882848
2866.0,2018-09-19,57.860001,58.27,57.75,57.900002,55.632629,3423000,54.704052,55.257896,0.0,0.9285770285644546
2867.0,2018-09-20,58.200001,58.459999,57.900002,58.130001,55.853622,3448100,54.766243,55.728714,0.0,1.0873790190429702
2868.0,2018-09-21,58.439999,60.23,58.389999,59.610001,57.275665,11936300,54.950394,55.565372,0.0,2.325271323242184
2869.0,2018-09-24,59.16,59.16,57.130001,57.41,55.161816,6640000,55.06877,54.38353299999999,0.0,0.09304463769531424
2870.0,2018-09-25,57.439999,57.549999,56.41,57.099998,54.863953,4635500,55.031227,52.548332,0.0,-0.16727411181640406
2871.0,2018-09-26,57.400002,57.950001,57.18,57.509998,55.257896,5306700,54.90662,52.192822,0.0,0.3512759743652367
2872.0,2018-09-27,57.82,58.580002,57.82,58.0,55.728714,3897600,54.799007,51.462585,0.0,0.9297065842285122
2873.0,2018-09-28,58.0,58.27,57.540001,57.830002,55.565372,4642500,54.565464,50.636261,0.0,0.9999079802246129
2874.0,2018-10-01,57.990002,58.139999,56.32,56.599998,54.38353299999999,5839900,54.473137,50.09819,0.0,-0.08960390185547595
2875.0,2018-10-02,55.439999,55.599998,54.209999,54.689999,52.548332,8604600,54.19227,48.868317,0.0,-1.6439363715820292
2876.0,2018-10-03,54.990002,55.200001,54.25,54.32,52.192822,6966700,53.62923,47.763344,0.0,-1.4364084992675785
2877.0,2018-10-04,54.25,54.43,53.040001,53.560001,51.462585,7681100,52.809307,49.464031,0.0,-1.3467220983886747
2878.0,2018-10-05,53.740002,53.860001,52.540001,52.700001,50.636261,5621700,51.915756,50.011719,0.0,-1.27949522558594
2879.0,2018-10-08,52.369999,52.709999,51.610001,52.139999,50.09819,5495700,51.033432,49.80994000000001,0.0,-0.9352420068359351
2880.0,2018-10-09,52.529999,52.93,50.759998,50.860001,48.868317,8284700,50.415855,51.030205,1.5475384077148462,0.0
2881.0,2018-10-10,50.73,50.830002,49.68,49.709999,47.763344,13082900,49.636765,52.173603,1.873420526367191,0.0
2882.0,2018-10-11,51.5,52.599998,50.669998,51.48,49.464031,15887500,49.09894,51.049423,-0.3650891970214829,0.0
2883.0,2018-10-12,52.560001,52.709999,51.360001,52.049999,50.011719,9677300,48.849846,51.29924000000001,-1.1618731137695306,0.0
2884.0,2018-10-15,52.0,52.5,51.759998,51.84,49.80994000000001,6494400,48.842728,52.115959,-0.9672123388671992,0.0
2885.0,2018-10-16,52.060001,53.220001,52.02,53.110001,51.030205,6684000,49.04878,51.356892,-1.9814264660644554,0.0
2886.0,2018-10-17,54.93,55.279999,53.700001,54.299999,52.173603,9184200,49.75559,49.492855,0.0,2.4180144685058593
2887.0,2018-10-18,54.290001,54.299999,52.959999,53.130001,51.049423,5871200,50.22037,51.606712,-0.8290517536621067,0.0
2888.0,2018-10-19,53.130001,53.580002,52.759998,53.389999,51.29924000000001,4989800,50.500668,51.19355,0.0,0.7985724279785273
2889.0,2018-10-22,53.540001,54.43,53.299999,54.240002,52.115959,6174200,50.81336,51.32806400000001,0.0,1.302600693115231
2890.0,2018-10-23,53.299999,53.650002,52.029999,53.450001,51.356892,7679800,50.894314,52.961494,-0.4625781877441426,0.0
2891.0,2018-10-24,53.5,53.599998,51.369999,51.509998,49.492855,6759100,50.563763,52.586765,1.0709076647949232,0.0
2892.0,2018-10-25,51.41,53.959999,51.360001,53.709999,51.606712,9174400,50.374645,53.845467000000006,-1.2320667668457048,0.0
2893.0,2018-10-26,53.310001,54.189999,52.139999,53.279999,51.19355,9573000,50.30873,53.92232900000001,-0.8848189208984394,0.0
2894.0,2018-10-29,54.150002,54.77,52.560001,53.419998,51.32806400000001,10819700,50.254387,53.855072,-1.0736770981445432,0.0
2895.0,2018-10-30,53.389999,55.220001,53.380001,55.119999,52.961494,7526200,50.4727,53.632694,-2.48879578833008,0.0
2896.0,2018-10-31,55.610001,56.130001,54.68,54.73,52.586765,8699500,50.99491,54.908974,-1.5918538061523435,0.0
2897.0,2018-11-01,54.93,56.23,54.790001,56.040001,53.845467000000006,6401100,51.515312,54.850956,-2.3301548051757877,0.0
2898.0,2018-11-02,56.5,57.029999,55.639999,56.119999,53.92232900000001,6488600,52.07569,54.773613,-1.8466377768554807,0.0
2899.0,2018-11-05,56.02,56.380001,55.549999,56.049999,53.855072,5206000,52.548035,54.821953,-1.3070373320312498,0.0
2900.0,2018-11-06,55.709999,55.869999,54.75,55.470001,53.632694,5983100,52.794544,54.93798100000001,-0.8381497800292976,0.0
2901.0,2018-11-07,55.810001,57.25,55.639999,56.790001,54.908974,7204600,52.984356,54.560894,0.0,1.9246180734863287
2902.0,2018-11-08,56.59,56.959999,55.880001,56.73,54.850956,4150400,53.158913,54.241829,0.0,1.6920433413085902
2903.0,2018-11-09,56.830002,57.209999,56.380001,56.650002,54.773613,6061600,53.285378,54.048447,0.0,1.4882354975585912
2904.0,2018-11-12,56.599998,57.189999,56.200001,56.700001,54.821953,4553900,53.469875,54.328846,0.0,1.3520776643066412
2905.0,2018-11-13,57.130001,57.919998,56.790001,56.82,54.93798100000001,6004400,53.754627,53.574677,0.0,1.1833537722168046
2906.0,2018-11-14,56.93,57.560001,56.209999,56.43,54.560894,5543300,53.835907,54.116131,0.0,0.7249870175781226
2907.0,2018-11-15,56.16,56.259998,55.0,56.099998,54.241829,6969000,53.760803,55.266716,-0.48102577734375274,0.0
2908.0,2018-11-16,55.810001,56.02,54.900002,55.900002,54.048447,6719500,53.562416,54.831615,-0.48603092333984677,0.0
2909.0,2018-11-19,56.0,56.59,55.759998,56.189999,54.328846,5640400,53.39691,56.378624,-0.9319343789062486,0.0
2910.0,2018-11-20,55.599998,56.470001,55.279999,55.41,53.574677,5623600,53.146854,56.920074,-0.4278225993652356,0.0
2911.0,2018-11-21,55.810001,57.32,55.669998,55.970001,54.116131,6509100,53.03421,56.910408,-1.0819207949218779,0.0
2912.0,2018-11-23,56.490002,57.689999,56.27,57.16,55.266716,3778200,53.17889,58.69913100000001,-2.087825771728518,0.0
2913.0,2018-11-26,57.52,57.799999,56.560001,56.709999,54.831615,5927100,53.436882,58.12866999999999,-1.3947329809570306,0.0
2914.0,2018-11-27,57.310001,59.0,57.279999,58.310001,56.378624,8879800,53.768528,55.054001,0.0,2.6100960153808614
2915.0,2018-11-28,58.369999,58.93,57.709999,58.869999,56.920074,6204000,54.28953,56.156246,0.0,2.6305422922363277
2916.0,2018-11-29,58.5,59.43,58.349998,58.860001,56.910408,6793700,54.786465,54.21281800000001,0.0,2.1239433088378874
2917.0,2018-11-30,59.259998,61.32,59.169998,60.709999,58.69913100000001,10846900,55.335297,54.454533,0.0,3.3638343691406334
2918.0,2018-12-03,61.0,61.07,59.810001,60.119999,58.12866999999999,6759400,55.96914,54.038776,0.0,2.1595309008788988
2919.0,2018-12-04,57.98,59.189999,56.330002,56.939999,55.054001,14429000,56.092075,54.4062,0.0,-1.038074347900391
2920.0,2018-12-06,56.630001,58.23,56.509998,58.080002,56.156246,9052500,55.895958,51.776287,0.0,0.26028805322265924
2921.0,2018-12-07,57.610001,58.080002,55.5,56.07,54.21281800000001,8193600,55.463997,51.737614,0.0,-1.2511788872070184
2922.0,2018-12-10,56.23,56.650002,55.310001,56.32,54.454533,5698400,54.67825,50.654713,0.0,-0.22371635913086152
2923.0,2018-12-11,56.689999,56.959999,55.630001,55.889999,54.038776,7319200,53.906128,51.196163,0.0,0.1326480703124986
2924.0,2018-12-12,56.459999,56.970001,56.0,56.27,54.4062,6175700,53.666275,50.209946,0.0,0.7399249755859358
2925.0,2018-12-13,56.23,56.450001,53.349998,53.549999,51.776287,10174900,53.257175,49.223728,0.0,-1.4808884455566371
2926.0,2018-12-14,52.900002,54.73,52.849998,53.509998,51.737614,5551600,52.728855,47.812092,0.0,-0.99124113305664
2927.0,2018-12-17,53.369999,53.369999,52.119999,52.389999,50.654713,5792700,52.073715,46.371445,0.0,-1.4190022099609365
2928.0,2018-12-18,53.43,53.599998,52.66,52.950001,51.196163,6099500,51.396408,48.740288,0.0,-0.20024508105468897
2929.0,2018-12-19,53.200001,53.34,51.41,51.93,50.209946,8003600,50.670155,48.827312,0.0,-0.46020857153320094
2930.0,2018-12-20,51.529999,52.060001,50.02,50.91,49.223728,8428800,50.07853,48.51791400000001,0.0,-0.854801357910155
2931.0,2018-12-21,50.509998,51.279999,49.290001,49.450001,47.812092,11680200,49.47422,48.247189,1.6621282758789064,0.0
2932.0,2018-12-24,49.25,49.450001,47.900002,47.959999,46.371445,5381300,48.7101,48.430889,2.338653266601561,0.0
2933.0,2018-12-26,48.400002,50.459999,47.91,50.41,48.740288,7452700,47.897385,44.099281,0.0,0.8429033564453121
2934.0,2018-12-27,50.029999,50.5,48.32,50.5,48.827312,7136300,47.357914,46.20707700000001,0.0,1.4693980290527335
2935.0,2018-12-28,50.529999,51.099998,49.709999,50.18,48.51791400000001,5854800,47.21075,46.265083,0.0,1.3071634201660274
2936.0,2018-12-31,50.290001,50.66,49.560001,49.900002,48.247189,6231700,47.296947,45.897671,0.0,0.9502415207519519
2937.0,2019-01-02,49.25,50.16,48.880001,50.09,48.430889,5270700,47.547417,46.864552,0.0,0.8834723129882818
2938.0,2019-01-03,48.509998,48.939999,45.080002,45.610001,44.099281,18694100,47.21186,47.11594,3.1125796567382835,0.0
2939.0,2019-01-04,46.369999,48.830002,46.240002,47.790001,46.20707700000001,11037000,46.643353,46.951569,0.4362755085449095,0.0
2940.0,2019-01-07,48.0,48.439999,47.130001,47.849998,46.265083,9375500,46.063538,46.1684,0.0,0.20154540234374707
2941.0,2019-01-08,48.48,48.669998,46.950001,47.470001,45.897671,8231400,45.623295,46.245747,-0.2743761696777369,0.0
2942.0,2019-01-09,47.099998,48.720001,46.919998,48.470001,46.864552,8095300,45.332645,45.926678,0.0,1.5319065837402377
2943.0,2019-01-10,46.68,48.91,45.82,48.73,47.11594,11880200,45.501183,46.622833,0.0,1.6147574438476582
2944.0,2019-01-11,48.220001,48.669998,47.59,48.560001,46.951569,6577900,45.626167,46.516476,0.0,1.325401702636718
2945.0,2019-01-14,47.57,47.900002,46.400002,47.75,46.1684,10095100,45.60442,45.539925,0.0,0.5639802917480452
2946.0,2019-01-15,47.970001,49.290001,46.849998,47.830002,46.245747,11569500,45.62277,45.733303,0.0,0.6229785979003921
2947.0,2019-01-16,48.889999,49.18,47.41,47.5,45.926678,9823000,45.666412,45.946014,-0.26026564648437756,0.0
2948.0,2019-01-17,47.439999,48.57,47.32,48.220001,46.622833,7312700,45.70515,46.110386,0.0,0.9176823957519531
2949.0,2019-01-18,48.639999,48.700001,47.939999,48.110001,46.516476,7850200,45.706642,46.419785,0.0,0.809833849121091
2950.0,2019-01-22,48.049999,48.049999,46.84,47.099998,45.539925,8144400,45.745224,46.622833,0.20529899902344084,0.0
2951.0,2019-01-23,47.290001,47.799999,46.939999,47.299999,45.733303,8099900,45.622505,48.604927,-0.11079781201171812,0.0
2952.0,2019-01-24,48.259998,48.549999,47.169998,47.52,45.946014,9057200,45.5219,47.792747,-0.424113822998045,0.0
2953.0,2019-01-25,47.650002,48.150002,46.900002,47.689999,46.110386,11839200,45.44866,48.266521,-0.6617241958007796,0.0
2954.0,2019-01-28,47.43,48.439999,47.330002,48.009998,46.419785,8212100,45.363235,48.672607,-1.056549526367185,0.0
2955.0,2019-01-29,48.41,48.490002,47.869999,48.220001,46.622833,7476500,45.49424,48.86599,-1.1285931928710937,0.0
2956.0,2019-01-30,48.380001,50.450001,48.360001,50.27,48.604927,13005200,45.825653,48.846649,-2.7792739238281285,0.0
2957.0,2019-01-31,50.07,50.41,49.09,49.43,47.792747,8287100,46.204636,48.740288,-1.588111379882811,0.0
2958.0,2019-02-01,49.630001,50.490002,49.57,49.919998,48.266521,6172900,46.672443,48.798306,-1.5940776101074192,0.0
2959.0,2019-02-04,49.990002,50.400002,49.560001,50.34,48.672607,5356200,47.113934,48.93367,-1.5586734367675774,0.0
2960.0,2019-02-05,50.369999,51.060001,50.02,50.540001,48.86599,8727600,47.517086,48.237514,0.0,1.348903970947262
2961.0,2019-02-06,50.169998,50.779999,49.860001,50.52,48.846649,6228100,47.686783,48.740288,0.0,1.1598661630859368
2962.0,2019-02-07,50.34,50.669998,49.970001,50.41,48.740288,5673900,47.821587,48.807968,-0.9187013911132809,0.0
2963.0,2019-02-08,50.07,50.529999,49.919998,50.470001,48.798306,4456600,47.89633,49.388103,-0.9019742128906216,0.0
2964.0,2019-02-11,50.610001,51.029999,50.599998,50.610001,48.93367,6963900,47.974636,50.10358400000001,-0.95903392211914,0.0
2965.0,2019-02-12,50.860001,51.07,49.880001,49.889999,48.237514,8301700,47.975548,49.542805,-0.2619662094726536,0.0
2966.0,2019-02-13,50.049999,50.73,49.889999,50.41,48.740288,5754900,47.9727,49.774853,-0.7675897883300777,0.0
2967.0,2019-02-14,50.07,50.73,49.959999,50.48,48.807968,5780000,47.960213,49.81353,-0.8477552924804712,0.0
2968.0,2019-02-15,50.889999,51.470001,50.57,51.080002,49.388103,6492000,48.04205,49.707172,-1.3460535920410166,0.0
2969.0,2019-02-19,51.0,52.220001,51.0,51.82,50.10358400000001,7904800,48.18168,49.426777,0.0,1.9219052280273559
2970.0,2019-02-20,51.18,51.639999,50.57,51.240002,49.542805,7497300,48.38757,48.759632,0.0,1.155235572509767
2971.0,2019-02-21,51.200001,51.860001,51.099998,51.48,49.774853,6615000,48.61002,48.272812,0.0,1.1648333161621096
2972.0,2019-02-22,51.599998,51.959999,51.240002,51.52,49.81353,5413200,48.82783,47.669155,0.0,0.9856987316894532
2973.0,2019-02-25,51.810001,51.869999,51.27,51.41,49.707172,6180400,48.930294,47.503639,0.0,0.7768779631347655
2974.0,2019-02-26,51.400002,51.959999,51.080002,51.119999,49.426777,6826800,48.918503,48.409122,0.0,0.5082741923828138
2975.0,2019-02-27,50.970001,51.029999,49.950001,50.43,48.759632,9041600,48.847588,48.399387,0.0,-0.08795558544921533
2976.0,2019-02-28,50.09,50.169998,49.540001,49.580002,48.272812,9483800,48.586506,48.282551,0.3136938898925763,0.0
2977.0,2019-03-01,49.369999,49.73,48.220001,48.959999,47.669155,11393900,48.144054,48.282551,0.4748994128417934,0.0
2978.0,2019-03-04,49.040001,49.57,48.43,48.790001,47.503639,10194100,47.642227,49.772213,0.13858817285156277,0.0
2979.0,2019-03-05,50.029999,50.490002,49.41,49.720001,48.409122,9800700,47.313,49.334072,-1.0961222746582067,0.0
2980.0,2019-03-06,49.810001,50.279999,49.439999,49.709999,48.399387,8702600,47.1971,49.674847,-1.2022854069824191,0.0
2981.0,2019-03-07,49.509998,49.799999,48.759998,49.59,48.282551,8183600,47.18107,49.596954,-1.1014825795898417,0.0
2982.0,2019-03-08,49.25,49.599998,48.919998,49.59,48.282551,8570100,47.24999,49.840363,-1.0325624440917949,0.0
2983.0,2019-03-11,49.799999,51.290001,49.77,51.119999,49.772213,8868100,47.461884,49.402229,0.0,2.3103294550781257
2984.0,2019-03-12,51.189999,51.32,50.02,50.669998,49.334072,8073900,47.627922,49.616425,-1.7061499418945303,0.0
2985.0,2019-03-13,50.98,51.09,50.080002,51.02,49.674847,10536300,47.865005,48.555168,0.0,1.8098415068359373
2986.0,2019-03-14,51.380001,52.080002,50.84,50.939999,49.596954,8048800,48.218002,48.973831,0.0,1.3789516806640592
2987.0,2019-03-15,51.290001,51.470001,50.98,51.189999,49.840363,8192400,48.565998,48.448067,0.0,1.2743649226074254
2988.0,2019-03-18,51.07,51.25,50.529999,50.740002,49.402229,6415200,48.645573,47.737309,0.0,0.7566563376464828
2989.0,2019-03-19,50.990002,51.389999,50.82,50.959999,49.616425,5606600,48.683994,47.795734,0.0,0.9324307067871089
2990.0,2019-03-20,50.889999,50.889999,49.77,49.869999,48.555168,7753000,48.608643,48.652531,0.05347457812499812,0.0
2991.0,2019-03-21,49.709999,50.610001,49.700001,50.299999,48.973831,5128700,48.393265,48.993301,-0.5805662294921845,0.0
2992.0,2019-03-22,50.040001,50.240002,49.52,49.759998,48.448067,5896200,48.134186,50.288242,-0.31388120898437677,0.0
2993.0,2019-03-25,49.599998,50.040001,48.970001,49.029999,47.737309,6454000,47.85796,50.804264,0.1206507473144498,0.0
2994.0,2019-03-26,49.360001,49.630001,48.68,49.09,47.795734,5321500,47.51397,53.871216,-0.2817645786132843,0.0
2995.0,2019-03-27,49.049999,50.529999,48.98,49.970001,48.652531,7907200,47.35184,55.497185,-1.3006900270996127,0.0
2996.0,2019-03-28,50.110001,50.650002,49.900002,50.32,48.993301,6600100,47.33472,55.711384,-1.6585803884277368,0.0
2997.0,2019-03-29,50.73,51.75,50.380001,51.650002,50.288242,9162100,47.55097,56.207935,-2.737273829833981,0.0
2998.0,2019-04-01,51.82,52.330002,51.52,52.18,50.804264,8501400,48.041218,56.188465,-2.7630461960449253,0.0
2999.0,2019-04-02,54.529999,55.939999,53.919998,55.330002,53.871216,15920700,49.005054,55.448498,-4.866161526123044,0.0
3000.0,2019-04-03,55.959999,57.57,55.810001,57.0,55.497185,13277600,50.27669,56.33450300000001,-5.220493563232424,0.0
3001.0,2019-04-04,57.459999,57.669998,56.369999,57.220001,55.711384,8998000,51.652344,56.850533,-4.0590402500000025,0.0
3002.0,2019-04-05,57.439999,58.200001,57.330002,57.73,56.207935,6918300,52.92784,56.519497,-3.2800938134765616,0.0
3003.0,2019-04-08,57.5,57.900002,56.91,57.709999,56.188465,7921600,53.98187,55.935318,0.0,2.2065962561035164
3004.0,2019-04-09,57.200001,57.439999,56.779999,56.950001,55.448498,9581600,54.39616,56.577923,-1.0523378742675789,0.0
3005.0,2019-04-10,58.970001,58.970001,56.77,57.860001,56.33450300000001,14398200,54.601276,56.889481,-1.733226602294934,0.0
3006.0,2019-04-11,57.950001,58.84,57.82,58.389999,56.850533,8452400,54.781036,56.63633000000001,0.0,2.0694966230468737
3007.0,2019-04-12,58.830002,58.84,57.549999,58.049999,56.519497,7693900,54.91833,56.227409,0.0,1.6011658537597668
3008.0,2019-04-15,58.0,58.490002,57.369999,57.450001,55.935318,5327000,55.020897,56.704491,-0.9144210883789086,0.0
3009.0,2019-04-16,57.66,58.119999,57.650002,58.110001,56.577923,3970200,55.154633,56.32476800000001,0.0,1.4232904316406234
3010.0,2019-04-17,58.849998,58.990002,58.09,58.43,56.889481,4987600,55.18539,55.214825,0.0,1.7040905275878941
3011.0,2019-04-18,58.5,58.580002,58.02,58.169998,56.63633000000001,4108100,55.204357,55.60427900000001,0.0,1.4319728527832112
3012.0,2019-04-22,57.790001,57.970001,57.279999,57.75,56.227409,4043900,55.153763,56.207935,0.0,1.073646182617189
3013.0,2019-04-23,57.66,58.41,57.66,58.240002,56.704491,4593000,55.178078,56.75317,-1.526413302246091,0.0
3014.0,2019-04-24,58.240002,58.529999,57.799999,57.849998,56.32476800000001,3275200,55.17731,56.008739,0.0,1.1474570563964974
3015.0,2019-04-25,57.84,58.48,56.380001,56.709999,55.214825,5557400,54.991745,56.47890500000001,-0.2230800048828101,0.0
3016.0,2019-04-26,56.560001,57.470001,56.48,57.110001,55.60427900000001,3714100,54.767017,56.616039,-0.8372616354980593,0.0
3017.0,2019-04-29,57.240002,57.900002,57.049999,57.73,56.207935,3215500,54.665543,56.54747,-1.5423923974609366,0.0
3018.0,2019-04-30,57.82,58.57,57.759998,58.290001,56.75317,4030300,54.625225,55.998943,0.0,2.1279449328613254
3019.0,2019-05-01,58.200001,58.509998,57.110001,57.18,56.008739,5629800,54.62293,55.29369000000001,0.0,1.3858103806152329
3020.0,2019-05-02,57.32,58.080002,57.25,57.66,56.47890500000001,3426100,54.741158,55.430824,0.0,1.7377474682617304
3021.0,2019-05-03,57.73,58.139999,57.52,57.799999,56.616039,4673000,54.902702,55.460209,0.0,1.713336668457032
3022.0,2019-05-06,56.98,57.970001,56.740002,57.73,56.54747,4105400,54.90804,53.67749,0.0,1.639430906982419
3023.0,2019-05-07,57.25,57.5,56.330002,57.169998,55.998943,4784800,54.755165,54.11827099999999,0.0,1.2437778999023408
3024.0,2019-05-08,56.77,57.080002,56.18,56.450001,55.29369000000001,3641400,54.57929,53.922371,0.0,0.7144015173339966
3025.0,2019-05-09,56.139999,56.73,55.689999,56.59,55.430824,5003500,54.33778,54.245609,0.0,1.0930440012207043
3026.0,2019-05-10,56.25,56.869999,55.060001,56.619999,55.460209,3737800,54.038845,53.765648,0.0,1.4213639377441396
3027.0,2019-05-13,55.439999,55.52,54.07,54.799999,53.67749,5223700,53.640816,53.16814,0.0,0.036674265136717565
3028.0,2019-05-14,54.900002,55.630001,54.75,55.25,54.11827099999999,2463400,53.257416,53.706875,0.0,0.8608552285156179
3029.0,2019-05-15,54.580002,55.369999,54.09,55.049999,53.922371,2998900,52.913555,52.952648,0.0,1.0088158547363264
3030.0,2019-05-16,55.139999,55.959999,55.139999,55.380001,54.245609,2731400,52.68816,52.89387900000001,0.0,1.5574490573730486
3031.0,2019-05-17,54.759998,55.540001,54.490002,54.889999,53.765648,3969900,52.4756,53.011417,0.0,1.2900468037109363
3032.0,2019-05-20,54.0,54.669998,53.75,54.279999,53.16814,3722800,52.38185,52.776337,0.0,0.7862888037109386
3033.0,2019-05-21,54.68,55.029999,54.59,54.830002,53.706875,2816800,52.273075,52.12006,0.0,1.433799896240231
3034.0,2019-05-22,54.490002,54.84,53.889999,54.060001,52.952648,3616700,52.17069,51.943745,0.0,0.7819593708496129
3035.0,2019-05-23,53.650002,54.950001,53.240002,54.0,52.89387900000001,5278900,51.928524,50.445087,0.0,0.9653549826660281
3036.0,2019-05-24,54.419998,54.619999,53.709999,54.119999,53.011417,2502800,51.783886,51.032795,0.0,1.2275310441894547
3037.0,2019-05-28,54.139999,54.630001,53.869999,53.880001,52.776337,3454100,51.75023,53.197529,-1.0261081181640606,0.0
3038.0,2019-05-29,53.75,53.75,52.810001,53.209999,52.12006,3929600,51.531467,53.814621,-0.5885925622558617,0.0
3039.0,2019-05-30,53.380001,53.799999,52.869999,53.029999,51.943745,3775200,51.342636,53.56974399999999,-0.6011088916015623,0.0
3040.0,2019-05-31,52.470001,52.799999,51.310001,51.5,50.445087,5615100,51.010296,53.941959,0.565208867919921,0.0
3041.0,2019-06-03,51.48,52.700001,51.41,52.099998,51.032795,7244600,50.557045,53.608925,-0.4757500170898439,0.0
3042.0,2019-06-04,52.849998,54.369999,52.82,54.310001,53.197529,7619300,50.344032,53.755852,-2.8534967124023467,0.0
3043.0,2019-06-05,54.849998,55.23,54.240002,54.939999,53.814621,6379100,50.547615,54.31417800000001,-3.2670059487304712,0.0
3044.0,2019-06-06,55.060001,55.220001,54.360001,54.689999,53.56974399999999,6192000,50.92562,55.362259,-2.644122967285149,0.0
3045.0,2019-06-07,54.919998,55.849998,54.919998,55.07,53.941959,4234800,51.58186,54.84311700000001,-2.3600994113769502,0.0
3046.0,2019-06-10,55.5,55.900002,54.650002,54.73,53.608925,3312900,52.18794,54.529667,-1.4209863098144524,0.0
3047.0,2019-06-11,55.02,55.310001,54.48,54.880001,53.755852,2833700,52.418602,54.882294,-1.3372500102539036,0.0
3048.0,2019-06-12,55.049999,55.48,54.900002,55.450001,54.31417800000001,3856200,52.47426,55.205536,-1.83991957714845,0.0
3049.0,2019-06-13,55.689999,57.240002,55.669998,56.52,55.362259,6300400,52.682575,54.823524,0.0,2.6796837741699235
3050.0,2019-06-14,56.57,56.630001,55.779999,55.990002,54.84311700000001,4382500,52.898956,54.84311700000001,0.0,0.0
3051.0,2019-06-17,55.779999,55.939999,55.259998,55.669998,54.529667,4057300,53.071316,54.921474,-1.458351234619144,0.0
3052.0,2019-06-18,55.950001,56.52,55.459999,56.029999,54.882294,3642500,53.261646,54.77454399999999,0.0,1.6206477292480486
3053.0,2019-06-19,56.279999,56.560001,55.950001,56.360001,55.205536,3196800,53.41095,55.22512800000001,-1.7945862929687522,0.0
3054.0,2019-06-20,56.849998,56.880001,55.330002,55.970001,54.823524,5055700,53.399765,55.656113,-1.4237589853515615,0.0
3055.0,2019-06-21,56.0,56.860001,55.560001,55.990002,54.84311700000001,8573500,53.41025,55.587547,-1.432865382568366,0.0
3056.0,2019-06-24,56.099998,56.23,55.669998,56.07,54.921474,2896000,53.47861,56.606247,-1.4428630075683628,0.0
3057.0,2019-06-25,56.049999,56.720001,55.860001,55.919998,54.77454399999999,3579600,53.48489,57.340881,-1.2896540158691323,0.0
3058.0,2019-06-26,56.07,56.810001,55.84,56.380001,55.22512800000001,4437700,53.46816,57.938385,-1.756969278076184,0.0
3059.0,2019-06-27,56.75,57.419998,56.5,56.82,55.656113,4375400,53.559334,57.497604,-2.0967791987304665,0.0
3060.0,2019-06-28,56.889999,57.419998,56.700001,56.75,55.587547,8034800,53.724136,58.153877,-1.8634106474609382,0.0
3061.0,2019-07-01,57.299999,57.900002,57.25,57.790001,56.606247,5009000,53.99342,57.752274,-2.6128273527832064,0.0
3062.0,2019-07-02,58.599998,59.220001,58.09,58.540001,57.340881,6837100,54.41695,58.251827,-2.923930774169925,0.0
3063.0,2019-07-03,59.0,59.619999,58.889999,59.150002,57.938385,3303900,54.94035,58.927696,-2.998035421142575,0.0
3064.0,2019-07-05,59.150002,59.389999,57.849998,58.700001,57.497604,5896900,55.361362,60.387176999999994,-2.136241542724612,0.0
3065.0,2019-07-08,58.900002,59.669998,58.84,59.369999,58.153877,7800600,55.787537,60.43615,-2.3663403789062514,0.0
3066.0,2019-07-09,59.57,59.990002,58.560001,58.959999,57.752274,7870200,56.081795,61.86624499999999,-1.6704792612304686,0.0
3067.0,2019-07-10,59.34,59.669998,58.759998,59.470001,58.251827,7781300,56.209934,60.974884,-2.041892765380858,0.0
3068.0,2019-07-11,60.25,60.790001,59.470001,60.16,58.927696,12695600,56.362324,61.376488,-2.5653722390136693,0.0
3069.0,2019-07-12,60.23,62.240002,60.02,61.650002,60.387177,10045700,56.745113,59.66233100000001,0.0,3.642063627197267
3070.0,2019-07-15,61.57,62.41,61.310001,61.700001,60.43615,5889000,57.209682,60.03455,0.0,3.2264675354003884
3071.0,2019-07-16,61.880001,63.259998,61.720001,63.16,61.86624499999999,10319700,57.828674,61.79768000000001,0.0,4.037570683593742
3072.0,2019-07-17,63.23,63.27,62.189999,62.25,60.974884,7532000,58.47665,62.263969,-2.4982337619628936,0.0
3073.0,2019-07-18,61.77,62.66,61.639999,62.66,61.376488,4482200,58.910954,61.34716,0.0,2.4655344782714863
3074.0,2019-07-19,62.860001,63.09,60.860001,60.91,59.66233100000001,7902700,59.06816,61.278155999999996,-0.5941699892578214,0.0
3075.0,2019-07-22,61.450001,61.630001,61.060001,61.290001,60.03455,4786300,59.001823,61.57390199999999,-1.0327265747070342,0.0
3076.0,2019-07-23,61.450001,63.110001,61.27,63.09,61.79768000000001,7452200,58.860737,61.741488999999994,0.0,2.9369431530761787
3077.0,2019-07-24,62.389999,63.439999,62.380001,63.16,62.263969,5718800,58.878315,60.17404599999999,0.0,3.385654028076175
3078.0,2019-07-25,62.77,63.130001,61.84,62.23,61.34716,5351700,58.991848,59.46426,0.0,2.355312008056643
3079.0,2019-07-26,62.25,62.66,61.91,62.16,61.278156,3857900,59.15883,59.27695799999999,0.0,2.1193272646484402
3080.0,2019-07-29,61.98,62.720001,61.849998,62.459999,61.573902,4972200,59.34641,56.999725,0.0,2.227493156005856
3081.0,2019-07-30,62.310001,62.68,62.09,62.630001,61.741489,2910000,59.35275,57.955963,0.0,2.388740129150392
3082.0,2019-07-31,62.5,62.529999,60.68,61.040001,60.174046,7229600,59.169052,58.399586,0.0,1.0049938759765595
3083.0,2019-08-01,61.310001,61.77,59.77,60.32,59.46426,5838000,58.908417,59.178371000000006,0.0,0.555843251953128
3084.0,2019-08-02,59.900002,60.529999,59.48,60.130001,59.27695799999999,3739500,58.514057,58.685467,0.0,0.7629008405761653
3085.0,2019-08-05,59.369999,59.389999,57.029999,57.82,56.999725,8855700,57.832214,57.827808,0.832489355468752,0.0
3086.0,2019-08-06,58.490002,58.900002,58.09,58.790001,57.955963,4704500,57.056454,58.005253,-0.8995092951660126,0.0
3087.0,2019-08-07,58.02,59.549999,57.43,59.240002,58.399586,7648800,56.454945,56.418095,0.0,1.9446413894042962
3088.0,2019-08-08,59.93,60.450001,59.400002,60.029999,59.178371,5414000,56.22517,56.299801,0.0,2.9532008645019516
3089.0,2019-08-09,59.689999,60.16,59.07,59.529999,58.685467,5606400,56.20629,57.21660600000001,0.0,2.479175801269534
3090.0,2019-08-12,59.07,59.299999,58.27,58.66,57.827808,4788300,56.379627,57.364475,0.0,1.4481807722167943
3091.0,2019-08-13,58.200001,59.919998,58.169998,58.84,58.005253,6156200,56.424793,56.86171,0.0,1.5804597565918002
3092.0,2019-08-14,57.919998,58.060001,56.700001,57.23,56.418095,7662800,56.224873,57.18703100000001,-0.19322241088867287,0.0
3093.0,2019-08-15,57.470001,57.700001,56.779999,57.110001,56.299801,4360400,55.708473,57.13774100000001,-0.591327794433596,0.0
3094.0,2019-08-16,57.43,58.360001,57.220001,58.040001,57.21660600000001,4226100,55.308407,55.40271,0.0,1.9081991701660286
3095.0,2019-08-19,58.68,59.0,58.139999,58.189999,57.364475,3503500,55.18542,55.481571,0.0,2.1790540100097644
3096.0,2019-08-20,58.02,58.169998,57.59,57.68,56.86171,2513700,55.07631,55.343559,0.0,1.7854007958984397
3097.0,2019-08-21,58.25,58.57,57.849998,58.009998,57.18703100000001,3014900,55.21573,55.875896,0.0,1.9713022402343867
3098.0,2019-08-22,58.130001,58.279999,57.470001,57.959999,57.13774100000001,3436400,55.3491,57.05888,0.0,1.7886427944336063
3099.0,2019-08-23,57.82,58.07,55.84,56.200001,55.40271,5921400,55.227737,57.039162,-0.1749725732421865,0.0
3100.0,2019-08-26,56.759998,56.869999,55.950001,56.279999,55.481571,3414500,54.87739,56.477245,-0.6041791848144555,0.0
3101.0,2019-08-27,56.630001,56.68,55.57,56.139999,55.343559,7702800,54.548767,56.418095,-0.7947919101562491,0.0
3102.0,2019-08-28,55.84,57.169998,55.799999,56.68,55.875896,5264100,54.18108,57.364475,-1.6948161354980442,0.0
3103.0,2019-08-29,57.119999,58.130001,57.060001,57.880001,57.05888,4101400,54.03899,57.157459,-3.019889979248049,0.0
3104.0,2019-08-30,58.150002,58.860001,57.59,57.860001,57.039162,4268300,54.257435,57.285614,-2.7817271550292944,0.0
3105.0,2019-09-03,57.439999,57.91,56.650002,57.290001,56.477245,6601700,54.51309,57.80809,-1.964156773681644,0.0
3106.0,2019-09-04,57.619999,58.040001,56.740002,57.23,56.418095,4939600,54.7526,57.94610600000001,-1.6654933764648447,0.0
3107.0,2019-09-05,57.66,58.939999,57.549999,58.189999,57.364475,4461600,54.996502,58.596745,-2.367973077392577,0.0
3108.0,2019-09-06,58.700001,58.959999,57.889999,57.98,57.157459,5741100,55.108044,59.158653,-2.049415329345706,0.0
3109.0,2019-09-09,57.98,58.450001,57.560001,58.110001,57.285614,5740500,55.149506,58.231995,-2.1361083847656275,0.0
3110.0,2019-09-10,58.080002,58.720001,57.799999,58.639999,57.80809,4409600,55.33429,58.527737,-2.47380044921875,0.0
3111.0,2019-09-11,58.619999,59.18,58.139999,58.779999,57.94610600000001,4163700,55.546635,58.46859,-2.399471325927742,0.0
3112.0,2019-09-12,58.779999,59.889999,58.779999,59.439999,58.596745,5188700,55.73025,57.857380000000006,0.0,2.866493687744139
3113.0,2019-09-13,60.0,60.580002,59.610001,60.009998,59.158653,7548400,56.03375,57.798237,0.0,3.1249043732910167
3114.0,2019-09-16,58.029999,59.130001,57.25,59.07,58.231995,9556400,56.22686,57.19689200000001,0.0,2.005134953613279
3115.0,2019-09-17,58.310001,59.77,58.16,59.369999,58.527737,8176700,56.322243,57.177174,0.0,2.2054942631835956
3116.0,2019-09-18,59.450001,59.5,58.669998,59.310001,58.46859,4075600,56.376865,57.482777,0.0,2.0917246130371083
3117.0,2019-09-19,59.25,59.25,58.310001,58.689999,57.857380000000006,3569900,56.310535,57.94610600000001,-1.5468445690918031,0.0
3118.0,2019-09-20,58.799999,59.18,58.490002,58.630001,57.798237,6139400,56.11803,57.453201,0.0,1.6802064519042972
3119.0,2019-09-23,58.310001,58.66,57.84,58.02,57.19689200000001,4387100,56.080273,56.782845,0.0,1.1166193254394656
3120.0,2019-09-24,58.619999,58.91,57.560001,58.0,57.177174,5047700,55.91895,56.201218,0.0,1.2582248728027352
3121.0,2019-09-25,58.040001,58.490002,57.68,58.310001,57.482777,3193100,55.704067,53.57895300000001,0.0,1.7787097697753893
3122.0,2019-09-26,58.110001,58.810001,57.93,58.779999,57.94610600000001,3795400,55.60164,52.08052100000001,0.0,2.344467206054695
3123.0,2019-09-27,58.970001,59.380001,58.16,58.279999,57.453201,4395800,55.581905,53.046616,0.0,1.8712956350097656
3124.0,2019-09-30,58.509998,58.689999,57.52,57.599998,56.782845,5208200,55.601837,52.603001,0.0,1.1810078417968768
3125.0,2019-10-01,58.049999,58.68,56.650002,57.009998,56.201218,7102200,55.510666,52.445267,0.0,0.6905521064453097
3126.0,2019-10-02,55.740002,55.75,52.869999,54.349998,53.57895300000001,13770400,54.998096,53.15505200000001,0.0,-1.4191434660644404
3127.0,2019-10-03,53.119999,53.860001,51.810001,52.830002,52.08052100000001,14346800,53.999916,52.346684,1.9193950766601446,0.0
3128.0,2019-10-04,52.849998,53.959999,52.68,53.810001,53.046616,6620900,52.88449,52.198814,0.0,0.1621250332031252
3129.0,2019-10-07,53.75,54.110001,53.240002,53.360001,52.603001,8659800,51.95482,52.238251,0.0,0.6481822744140615
3130.0,2019-10-08,53.02,54.099998,52.889999,53.200001,52.445267,8039400,51.203,52.87902800000001,-1.2422678850097668,0.0
3131.0,2019-10-09,54.009998,54.400002,53.59,53.919998,53.15505200000001,7615300,51.069374,52.415691,0.0,2.0856779155273557
3132.0,2019-10-10,51.950001,53.259998,51.07,53.099998,52.346684,22703500,51.061512,52.612858,-1.2851720065918002,0.0
3133.0,2019-10-11,53.5,53.77,52.639999,52.950001,52.198814,10935000,50.972603,53.066334,-1.2262111557617175,0.0
3134.0,2019-10-14,52.049999,53.200001,51.970001,52.990002,52.238251,6631900,50.803947,53.80569499999999,-1.4343035512695295,0.0
3135.0,2019-10-15,53.209999,53.990002,53.009998,53.639999,52.87902800000001,8413300,50.77495,53.874702,-2.104079879882825,0.0
3136.0,2019-10-16,53.75,54.130001,53.07,53.169998,52.415691,5532800,50.71544,53.440701,-1.700252157226565,0.0
3137.0,2019-10-17,53.52,53.759998,53.25,53.369999,52.612858,4402000,50.905674,53.420837,-1.7071840192871122,0.0
3138.0,2019-10-18,53.189999,53.990002,53.18,53.830002,53.066334,6966400,50.99803,54.225277,-2.06830238378906,0.0
3139.0,2019-10-21,54.189999,54.98,54.099998,54.580002,53.80569499999999,6699600,51.280056,54.791363,-2.5256390002441336,0.0
3140.0,2019-10-22,54.689999,54.959999,54.060001,54.650002,53.874702,5646900,51.489388,54.999924,-2.385314487792968,0.0
3141.0,2019-10-23,54.049999,54.240002,53.599998,53.810001,53.440701,4876100,51.658813,54.940334,-1.7818875234374971,0.0
3142.0,2019-10-24,54.299999,54.66,53.48,53.790001,53.420837,4825300,51.800552,54.701984,-1.6202846318359363,0.0
3143.0,2019-10-25,53.610001,54.740002,53.599998,54.599998,54.225277,4412800,51.903873,55.635532,-2.3214035563964828,0.0
3144.0,2019-10-28,54.720001,55.330002,54.720001,55.169998,54.791363,3966400,51.975475,56.48963199999999,-2.8158876887207,0.0
3145.0,2019-10-29,55.139999,55.869999,55.110001,55.380001,54.999924,4480100,52.15033,57.115303,-2.84959441015625,0.0
3146.0,2019-10-30,55.360001,55.41,54.810001,55.32,54.940334,3814100,52.438282,57.184826,-2.502051987060547,0.0
3147.0,2019-10-31,55.02,55.200001,54.41,55.080002,54.701984,7024000,52.653233,57.264275,-2.0487514255371124,0.0
3148.0,2019-11-01,55.549999,56.07,55.23,56.02,55.635532,5389600,52.88329,57.184826,-2.7522426628417946,0.0
3149.0,2019-11-04,56.75,56.970001,56.419998,56.880001,56.48963199999999,6164400,53.147247,56.81736400000001,-3.342384685546868,0.0
3150.0,2019-11-05,57.279999,58.139999,57.049999,57.509998,57.115303,6915300,53.536297,56.827297,0.0,3.5790061555175754
3151.0,2019-11-06,57.5,57.599998,57.040001,57.580002,57.184826,5120300,54.00765,56.112236,0.0,3.177177531982423
3152.0,2019-11-07,57.919998,58.43,57.580002,57.66,57.264275,7754400,54.560314,56.161892,0.0,2.703960821533201
3153.0,2019-11-08,57.48,57.66,57.029999,57.580002,57.184826,4821000,54.900803,56.459835,0.0,2.2840233876953135
3154.0,2019-11-11,57.259998,57.52,57.09,57.209999,56.81736400000001,3811600,55.001686,56.688259,0.0,1.8156779038086057
3155.0,2019-11-12,57.59,57.689999,57.040001,57.220001,56.827297,4424700,54.964806,56.678326,0.0,1.8624913969726578
3156.0,2019-11-13,56.740002,56.880001,56.299999,56.5,56.112236,4110600,54.83057,55.287933,0.0,1.2816657790527373
3157.0,2019-11-14,56.27,56.75,56.07,56.549999,56.161892,3763900,54.56961,54.93040500000001,0.0,1.5922814042968767
3158.0,2019-11-15,56.889999,57.23,56.82,56.849998,56.459835,4350100,54.420826,55.724915,0.0,2.039009041748045
3159.0,2019-11-18,56.779999,57.09,56.490002,57.080002,56.688259,3788400,54.33762,55.963264,0.0,2.3506392185058615
3160.0,2019-11-19,57.349998,57.490002,56.700001,57.07,56.678326,4704900,54.303856,57.065647,-2.3744701040039047,0.0
3161.0,2019-11-20,56.799999,56.849998,55.279999,55.669998,55.287933,7383600,54.287945,56.678326,-0.9999882062988306,0.0
3162.0,2019-11-21,55.740002,55.990002,55.259998,55.310001,54.93040500000001,5021300,54.14578,56.916679,-0.7846263439941481,0.0
3163.0,2019-11-22,55.57,56.130001,55.119999,56.110001,55.724915,9648200,53.884945,56.360523,-1.8399700842285185,0.0
3164.0,2019-11-25,56.389999,56.689999,55.689999,56.349998,55.963264,6822400,53.70282,55.238277,0.0,2.2604441757812523
3165.0,2019-11-26,56.32,57.48,56.25,57.459999,57.065647,4888100,53.63992,55.675259,0.0,3.425727718994139
3166.0,2019-11-27,57.529999,57.580002,56.68,57.07,56.678326,4062500,53.869377,55.49649399999999,0.0,2.8089488637695297
3167.0,2019-11-29,57.150002,57.849998,57.009998,57.310001,56.916679,2653600,54.23264,55.754707,0.0,2.6840396872558614
3168.0,2019-12-02,57.25,57.650002,56.720001,56.75,56.360523,5628200,54.50093,55.417042,0.0,1.859592213867188
3169.0,2019-12-03,55.889999,56.0,54.540001,55.619999,55.238277,6871700,54.443466,55.148891000000006,0.0,0.794810813476559
3170.0,2019-12-04,55.950001,56.57,55.759998,56.060001,55.675259,4760100,54.217712,54.701984,0.0,1.457546597656247
3171.0,2019-12-05,56.389999,56.41,55.700001,55.880001,55.49649399999999,3899900,53.96295,56.30093000000001,-1.5335423398437413,0.0
3172.0,2019-12-06,56.439999,56.599998,56.119999,56.139999,55.754707,4568200,53.75036,56.34066,-2.0043484184570346,0.0
3173.0,2019-12-09,55.990002,56.150002,55.650002,55.799999,55.417042,4057000,53.588806,58.019058,-1.8282358476562521,0.0
3174.0,2019-12-10,55.799999,56.369999,55.43,55.529999,55.148891000000006,4871900,53.629894,58.28720500000001,-1.5189967434082092,0.0
3175.0,2019-12-11,55.400002,55.52,54.950001,55.080002,54.701984,5544300,53.487263,58.177963,-1.214721274169925,0.0
3176.0,2019-12-12,55.91,57.490002,55.610001,56.689999,56.30093000000001,8868000,53.469673,58.73411899999999,-2.831256843261727,0.0
3177.0,2019-12-13,56.790001,57.290001,56.43,56.73,56.34066,4440400,53.54387,58.565289,-2.7967909814453122,0.0
3178.0,2019-12-16,57.169998,58.490002,57.150002,58.419998,58.019058,7460700,53.885723,59.032059,-4.133334885986329,0.0
3179.0,2019-12-17,58.419998,59.299999,58.330002,58.689999,58.28720500000001,6663200,54.440136,58.982403000000005,-3.8470690441894604,0.0
3180.0,2019-12-18,59.490002,59.639999,58.450001,58.580002,58.177963,5026900,55.164753,59.151237,-3.01321003979492,0.0
3181.0,2019-12-19,58.619999,59.240002,58.419998,59.139999,58.73411899999999,4455700,55.660023,58.674534,0.0,3.0740962644042895
3182.0,2019-12-20,59.549999,59.580002,58.919998,58.970001,58.565289,6025700,56.10429,58.257412,0.0,2.460998991455078
3183.0,2019-12-23,59.169998,59.919998,59.029999,59.439999,59.032059,3648100,56.362682,58.078648,0.0,2.6693766574707
3184.0,2019-12-24,59.66,59.720001,59.16,59.389999,58.98240300000001,1076000,56.508324,58.63480799999999,0.0,2.4740793305664184
3185.0,2019-12-26,59.48,59.720001,59.259998,59.560001,59.151237,2464400,56.619854,57.661533,0.0,2.53138302661133
3186.0,2019-12-27,59.630001,59.650002,58.790001,59.080002,58.674534,3538600,56.700905,57.264275,0.0,1.973629153808595
3187.0,2019-12-30,59.25,59.299999,58.240002,58.66,58.257412,3779300,56.656933,57.21461899999999,0.0,1.6004791691894553
3188.0,2019-12-31,58.490002,58.73,58.34,58.48,58.078648,2917300,56.497616,58.44610600000001,-1.5810321857910168,0.0
3189.0,2020-01-02,58.93,59.389999,58.450001,59.040001,58.63480799999999,4459200,56.35627,58.55535500000001,0.0,2.2785381635742112
3190.0,2020-01-03,57.5,58.119999,56.91,58.060001,57.661533,9078100,56.077377,58.833434999999994,-1.584155680664061,0.0
3191.0,2020-01-06,56.990002,57.759998,56.66,57.66,57.264275,5504300,55.736927,59.081718,-1.5273479675292947,0.0
3192.0,2020-01-07,57.91,58.07,57.470001,57.610001,57.21461899999999,5563000,55.484997,61.028267,-1.729622204345695,0.0
3193.0,2020-01-08,57.75,59.400002,57.73,58.849998,58.44610600000001,8519000,55.409916,61.19709799999999,-3.036190075927742,0.0
3194.0,2020-01-09,59.259998,59.470001,58.580002,58.959999,58.55535500000001,5336700,55.425484,61.455315,-3.1298712963867317,0.0
3195.0,2020-01-10,59.25,59.490002,58.619999,59.240002,58.833435,8279700,55.727367,61.604282,-3.1060675988769546,0.0
3196.0,2020-01-13,59.029999,59.700001,59.029999,59.490002,59.081718,8414200,56.113358,59.925884,-2.9683604560546897,0.0
3197.0,2020-01-14,62.040001,62.25,60.860001,61.450001,61.02826700000001,16454100,56.71463,59.230686000000006,0.0,4.313636873046882
3198.0,2020-01-15,61.540001,61.939999,61.029999,61.619999,61.197098,7953400,57.30139,59.85636499999999,0.0,3.895706398437497
3199.0,2020-01-16,62.060001,62.48,61.630001,61.880001,61.455315,4950300,57.88926,58.406384,0.0,3.5660556616210926
3200.0,2020-01-17,62.130001,62.48,61.869999,62.029999,61.604282,5770000,58.468197,56.439976,0.0,3.1360851311035134
3201.0,2020-01-21,61.25,61.610001,58.43,60.34,59.925884,16592000,58.74808,57.08551,0.0,1.1778027927246129
3202.0,2020-01-22,60.630001,60.720001,59.560001,59.639999,59.230686,7096400,58.482826,56.261208,0.0,0.7478597670898424
3203.0,2020-01-23,59.189999,60.380001,58.189999,60.27,59.856365,7774500,58.091976,56.708118000000006,0.0,1.7643888342285123
3204.0,2020-01-24,60.099998,60.209999,57.84,58.810001,58.406384,10989500,57.55512,55.357456000000006,0.0,0.8512654392089871
3205.0,2020-01-27,56.490002,57.18,55.619999,56.830002,56.439976,13090200,56.67595,55.655396,0.0,-0.23597309667968602
3206.0,2020-01-28,57.549999,57.970001,56.75,57.48,57.08551,6343700,56.03142,57.532425,-1.0540883386230462,0.0
3207.0,2020-01-29,57.639999,57.799999,56.57,56.650002,56.261208,5662000,55.44057,58.485832,-0.8206371687011753,0.0
3208.0,2020-01-30,55.650002,57.18,55.650002,57.099998,56.708118000000006,5980700,54.86126,57.780708,-1.8468585395507873,0.0
3209.0,2020-01-31,56.700001,57.080002,55.43,55.740002,55.357456000000006,9320800,54.35148,57.522491,-1.00597742333985,0.0
3210.0,2020-02-03,56.200001,57.25,56.0,56.040001,55.655396,7499000,54.260487,57.313931,-1.3949093972168,0.0
3211.0,2020-02-04,57.200001,58.400002,57.150002,57.93,57.532425,6880800,54.21355,58.257412,-3.3188744323730504,0.0
3212.0,2020-02-05,58.970001,59.299999,58.599998,58.889999,58.485832,6067000,54.50914,59.061855,-3.9766919853515645,0.0
3213.0,2020-02-06,59.799999,60.029999,58.02,58.18,57.780708,5210200,55.012646,58.72419,-2.76806227856445,0.0
3214.0,2020-02-07,57.959999,58.25,57.52,57.919998,57.522491,3836800,55.45334,58.495766,-2.0691523769531273,0.0
3215.0,2020-02-10,57.540001,58.119999,57.43,57.709999,57.313931,4541100,55.717216,58.317001,-1.5967145083007779,0.0
3216.0,2020-02-11,58.099998,59.099998,57.970001,58.66,58.257412,4566500,55.763668,58.509998,-2.493743939697268,0.0
3217.0,2020-02-12,59.290001,59.919998,59.18,59.470001,59.061855,5227500,55.78778,58.380001,0.0,3.2740742382812513
3218.0,2020-02-13,58.75,59.209999,58.349998,59.130001,58.72419,4353100,55.861683,57.869999,0.0,2.862507108154297
3219.0,2020-02-14,59.240002,59.470001,58.580002,58.900002,58.495766,3810100,56.10256,54.23,0.0,2.393207864013675
3220.0,2020-02-18,58.869999,59.470001,58.41,58.720001,58.317001,5690600,56.323215,50.889999,0.0,1.993785515380857
3221.0,2020-02-19,58.490002,58.580002,58.029999,58.509998,58.509998,4399900,56.32943,49.59,0.0,2.1805683735351593
3222.0,2020-02-20,58.200001,58.990002,58.119999,58.380001,58.380001,5239400,56.16094,48.189999,0.0,2.219062737060547
3223.0,2020-02-21,57.959999,58.02,56.869999,57.869999,57.869999,6295600,55.986526,46.130001,0.0,1.8834725107421875
3224.0,2020-02-24,54.830002,55.380001,53.34,54.23,54.23,17983100,55.334778,47.16,0.0,-1.1047778320312531
3225.0,2020-02-25,54.540001,54.709999,50.75,50.889999,50.889999,15836500,54.252632,46.18,0.0,-3.362633141113278
3226.0,2020-02-26,51.439999,51.77,49.0,49.59,49.59,15985900,52.743347,48.5,0.0,-3.1533471679687466
3227.0,2020-02-27,46.720001,50.98,45.029999,48.189999,48.189999,21949100,50.76282,45.009998,0.0,-2.5728221975097654
3228.0,2020-02-28,46.02,47.790001,45.139999,46.130001,46.130001,19861000,48.594124,45.889999,0.0,-2.464122840332031
3229.0,2020-03-02,46.220001,47.25,44.330002,47.16,47.16,20098700,46.938274,43.52,0.0,0.22172561645507471
3230.0,2020-03-03,49.810001,49.970001,46.040001,46.18,46.18,26344100,45.921906,45.470001,0.0,0.2580944824218747
3231.0,2020-03-04,47.5,48.639999,46.02,48.5,48.5,20381800,45.46571,42.669998,0.0,3.034290313720703
3232.0,2020-03-05,46.5,46.57,44.419998,45.009998,45.009998,22918800,45.216263,33.709999,0.0,-0.20626481738280944
3233.0,2020-03-06,43.470001,46.93,42.869999,45.889999,45.889999,25809300,44.99701,38.360001,0.0,0.8929897226562531
3234.0,2020-03-09,43.040001,45.009998,42.43,43.52,43.52,25784700,44.426212,35.810001,0.0,-0.9062123107910125
3235.0,2020-03-10,45.57,45.880001,41.459999,45.470001,45.470001,28693300,43.714966,31.740000000000002,0.0,1.7550351796875034
3236.0,2020-03-11,44.0,44.34,41.73,42.669998,42.669998,23542000,42.904133,23.49,0.0,-0.23413484301757848
3237.0,2020-03-12,37.470001,38.779999,33.459999,33.709999,33.709999,36331900,41.470146,21.51,0.0,-7.760147179199215
3238.0,2020-03-13,38.540001,38.740002,34.790001000000004,38.360001,38.360001,33052500,39.855965,21.35,0.0,-1.4959636606445343
3239.0,2020-03-16,32.799999,38.080002,31.23,35.810001,35.810001,35535400,38.07399,22.219999,0.0,-2.2639888681640628
3240.0,2020-03-17,36.23,37.189999,30.6,31.74,31.74,33097500,35.909435,26.889999,0.0,-4.169435272216798
3241.0,2020-03-18,29.790001,29.790001,19.1,23.49,23.49,64242500,33.009247,31.1,9.519246826171877,0.0
3242.0,2020-03-19,23.360001,24.15,20.0,21.51,21.51,44623400,30.412422,31.700001000000004,8.90242218017578,0.0
3243.0,2020-03-20,23.17,26.85,21.26,21.35,21.35,55062900,27.212257,29.549999000000003,5.862257385253905,0.0
3244.0,2020-03-23,22.17,22.83,20.6,22.219999,22.219999,44426400,24.510717,28.67,2.290718391967772,0.0
3245.0,2020-03-24,26.26,28.98,24.52,26.889999,26.889999,65730300,22.939894,28.530001,-3.95010527746582,0.0
3246.0,2020-03-25,31.49,33.279999,27.4,31.1,31.1,70733900,23.856913,23.870001,0.0,7.243087387084962
3247.0,2020-03-26,32.610001000000004,35.889999,30.42,31.700001,31.700001,57779500,25.980305,22.68,0.0,5.719696281982422
3248.0,2020-03-27,30.719999,31.32,29.02,29.549999,29.549999,34960700,27.785048,22.48,0.0,1.76495146887207
3249.0,2020-03-30,28.49,29.290001,26.0,28.67,28.67,29527500,29.12458,22.32,0.0,-0.45458038330077954
3250.0,2020-03-31,29.35,30.530001,28.42,28.530001,28.530001,25002300,29.393011,22.25,0.0,-0.8630100931396498
3251.0,2020-04-01,26.59,26.59,23.690001,23.870001,23.870001,56133000,28.352604,23.23,0.0,-4.482602912353517
3252.0,2020-04-02,23.92,24.65,22.51,22.68,22.68,39407400,26.628468,24.389999,3.9484675598144534,0.0
3253.0,2020-04-03,23.030001,23.65,21.75,22.48,22.48,48967800,25.119547,23.25,2.6395468902587886,0.0
3254.0,2020-04-06,22.309999,23.5,20.76,22.32,22.32,95093000,23.831753,24.540001,1.511752777099609,0.0
3255.0,2020-04-07,25.209999,25.85,21.9,22.25,22.25,98907200,22.718466,24.35,0.46846580505371094,0.0
3256.0,2020-04-08,23.09,23.639999,22.530001,23.23,23.23,67565200,22.410198,22.780001,0.0,0.8198017883300786
3257.0,2020-04-09,25.4,25.530001,23.35,24.389999,24.389999,91692900,22.644955,24.27,0.0,1.7450443186035152
3258.0,2020-04-13,24.98,25.059999,22.08,23.25,23.25,76173000,22.954893,23.639999,-0.2951068878173828,0.0
3259.0,2020-04-14,23.99,25.290001,23.83,24.540001,24.540001,60843600,23.323929,23.1,0.0,1.2160721669921877
3260.0,2020-04-15,24.91,25.5,23.309999,24.35,24.35,88092500,23.50616,22.469999,0.0,0.843839263916017
3261.0,2020-04-16,23.76,23.799999,22.629999,22.780001,22.780001,57610200,23.574236,22.48,0.0,-0.7942349161376967
3262.0,2020-04-17,24.15,24.610001,23.59,24.27,24.27,52594500,23.410997,22.41,0.0,0.8590026092529293
3263.0,2020-04-20,23.440001,24.120001,22.91,23.639999,23.639999,42950800,23.34456,22.16,0.0,0.29543837683105423
3264.0,2020-04-21,23.02,23.77,22.799999,23.1,23.1,38616700,23.098848,24.34,-0.0011516571044936086,0.0
3265.0,2020-04-22,23.879999,23.940001,21.629999,22.469999,22.469999,70221400,22.799175,27.32,0.3291762624511705,0.0
3266.0,2020-04-23,22.65,22.959999,22.41,22.48,22.48,43581800,22.667706,25.91,0.18770553588867145,0.0
3267.0,2020-04-24,22.530001,22.68,21.75,22.41,22.41,43766600,22.308016,24.120001,-0.10198417663574233,0.0
3268.0,2020-04-27,22.83,23.440001,22.0,22.16,22.16,50561700,22.090254,22.57,-0.06974617004394545,0.0
3269.0,2020-04-28,23.0,24.9,22.65,24.34,24.34,83972100,22.14915,21.709999,0.0,2.190849151611328
3270.0,2020-04-29,25.690001,27.6,25.5,27.32,27.32,81614900,22.737873,21.0,0.0,4.582126922607422
3271.0,2020-04-30,26.700001,27.23,25.5,25.91,25.91,63570700,23.585794,21.68,0.0,2.324205551147461
3272.0,2020-05-01,24.950001,25.4,23.719999,24.120001,24.120001,45146100,24.22686,22.719999,0.0,-0.10685904638672028
3273.0,2020-05-04,21.190001,22.790001,20.5,22.57,22.57,91387100,24.266693,22.01,0.0,-1.6966931152343747
3274.0,2020-05-05,23.02,23.5,21.51,21.709999,21.709999,51178700,23.8075,21.030001,0.0,-2.0975018392333986
3275.0,2020-05-06,21.76,22.1,20.75,21.0,21.0,52949200,22.703876,19.41,0.0,-1.7038764953613281
3276.0,2020-05-07,21.07,22.5,21.02,21.68,21.68,48328200,21.742004,19.379999,0.0,-0.062004394531250284
3277.0,2020-05-08,22.360001,22.92,22.049999,22.719999,22.719999,43366800,21.316002,19.190001,0.0,1.4039971079101576
3278.0,2020-05-11,22.1,22.51,21.549999,22.01,22.01,39151900,21.323195,21.860001,0.0,0.6868054962158219
3279.0,2020-05-12,22.1,22.4,21.030001,21.030001,21.030001,37466300,21.23939,21.76,0.20938841955566545,0.0
3280.0,2020-05-13,20.969999,20.969999,19.09,19.41,19.41,72264900,21.075336,22.719999,1.665336456298828,0.0
3281.0,2020-05-14,18.799999,19.540001,17.51,19.379999,19.379999,88506300,20.569807,23.16,1.1898080526123032,0.0
3282.0,2020-05-15,18.969999,19.65,18.620001,19.190001,19.190001,46861800,19.823536,22.690001,0.6335349191894544,0.0
3283.0,2020-05-18,20.91,21.940001,20.549999,21.860001,21.860001,74681700,19.522438,25.65,-2.337562950683594,0.0
3284.0,2020-05-19,22.57,22.57,21.32,21.76,21.76,70906400,19.641289,26.32,-2.118711242675783,0.0
3285.0,2020-05-20,22.34,23.1,22.139999,22.719999,22.719999,50857000,20.213427,25.66,-2.506572410034181,0.0
3286.0,2020-05-21,22.77,23.68,22.67,23.16,23.16,46567200,21.041937,25.209999,-2.1180631256103517,0.0
3287.0,2020-05-22,23.24,23.4,22.23,22.690001,22.690001,37139300,21.79215,26.17,-0.8978505025634753,0.0
3288.0,2020-05-26,24.48,25.870001,24.280001,25.65,25.65,78557100,22.394833,26.41,-3.255167388916014,0.0
3289.0,2020-05-27,27.67,27.85,24.73,26.32,26.32,92712000,23.24939,28.469999,-3.0706103515625003,0.0
3290.0,2020-05-28,26.25,26.360001,24.950001,25.66,25.66,53868100,24.016941,32.380001,-1.6430589294433595,0.0
3291.0,2020-05-29,24.620001,25.610001,24.370001,25.209999,25.209999,50687500,24.522203,34.16,-0.6877955545654295,0.0
3292.0,2020-06-01,25.33,26.76,25.08,26.17,26.17,46510800,25.0266,36.970001,-1.1434001159667986,0.0
3293.0,2020-06-02,26.68,26.98,25.940001,26.41,26.41,43200400,25.178848,34.169998,-1.2311517333984376,0.0
3294.0,2020-06-03,27.01,28.6,26.700001,28.469999,28.469999,65011100,25.344517,31.639999000000003,-3.1254822458496108,0.0
3295.0,2020-06-04,30.27,32.810001,29.219999,32.380001,32.380001,134626500,26.31222,27.200001,0.0,6.0677813802490235
3296.0,2020-06-05,37.200001,37.240002,33.450001,34.16,34.16,130685400,28.235624,30.43,0.0,5.924375686645504
3297.0,2020-06-08,36.630001,37.080002,35.380001,36.970001,36.970001,82137300,30.441795,30.459999,0.0,6.52820565087891
3298.0,2020-06-09,34.5,34.73,32.650002,34.169998,34.169998,60254500,32.251583,31.299999,0.0,1.9184149006347653
3299.0,2020-06-10,32.240002000000004,32.990002000000004,29.76,31.639999,31.639999,90379400,33.16844,30.719999,0.0,-1.528442772460938
3300.0,2020-06-11,26.65,29.57,26.6,27.200001,27.200001,88001500,32.4958,30.790001000000004,5.295799018310547,0.0
3301.0,2020-06-12,29.889999,30.74,28.75,30.43,30.43,68352400,31.125383,29.510000000000005,0.0,-0.6953833770751956
3302.0,2020-06-15,28.299999,30.969999,28.0,30.459999,30.459999,64288700,29.664856,29.309999,0.0,0.7951430429687498
3303.0,2020-06-16,32.630001,33.02,30.610001,31.299999,31.299999,63426700,29.137728,29.639999,0.0,2.162271262573242
3304.0,2020-06-17,30.84,31.16,30.08,30.719999,30.719999,37722100,29.111275,27.34,0.0,1.6087242807617201
3305.0,2020-06-18,29.879999,31.15,29.6,30.790001,30.790001,40662600,29.701141,28.01,0.0,1.0888596425781252
3306.0,2020-06-19,31.51,31.52,29.02,29.51,29.51,48103900,29.761217,26.91,0.0,-0.25121711730956875
3307.0,2020-06-22,29.030001,29.84,28.559999,29.309999,29.309999,42192700,29.666283,28.610001,0.0,-0.3562836538085925
3308.0,2020-06-23,29.530001,29.65,28.73,29.639999,29.639999,33475000,29.16806,28.049999,0.0,0.47193869726562454
3309.0,2020-06-24,28.75,28.99,26.93,27.34,27.34,45272500,28.68767,27.700001,1.3476697540283205,0.0
3310.0,2020-06-25,26.52,28.16,26.27,28.01,28.01,37309400,28.07874,27.719999,0.0,-0.06873916625976406
3311.0,2020-06-26,28.02,28.1,26.24,26.91,26.91,45683400,27.465813,28.440001,0.5558126831054686,0.0
3312.0,2020-06-29,27.200001,28.82,26.58,28.610001,28.610001,38727300,27.122768,27.01,0.0,1.487232597900391
3313.0,2020-06-30,28.35,28.66,27.6,28.049999,28.049999,27054800,26.873674,27.01,0.0,1.1763246072998044
3314.0,2020-07-01,29.02,29.85,27.49,27.700001,27.700001,39305300,26.998625,25.65,0.0,0.7013761983642581
3315.0,2020-07-02,28.540001,28.73,27.6,27.719999,27.719999,29240100,27.180243,27.09,0.0,0.539756461547853
3316.0,2020-07-06,28.24,28.629999,27.280001,28.440001,28.440001,27345200,27.34703,26.82,0.0,1.0929703603515613
3317.0,2020-07-07,27.860001,27.950001,26.860001,27.01,27.01,24598100,27.258276,26.110001,0.0,-0.24827598571777187
3318.0,2020-07-08,26.65,27.280001,26.200001,27.01,27.01,27214100,27.005196,28.6,-0.004804382324220313,0.0
3319.0,2020-07-09,26.790001,26.92,25.219999,25.65,25.65,31219800,26.56736,27.26,0.9173599243164077,0.0
3320.0,2020-07-10,25.299999,27.26,25.15,27.09,27.09,31349400,26.164436,27.049999,0.0,0.9255636596679686
3321.0,2020-07-13,27.23,27.620001,26.309999,26.82,26.82,34133100,25.867775,26.219999,0.0,0.952225036621094
3322.0,2020-07-14,25.639999,26.75,25.459999,26.110001,26.110001,42273300,25.68124,26.43,-0.4287609182128911,0.0
3323.0,2020-07-15,27.5,28.879999,26.92,28.6,28.6,47726600,25.834732,26.25,0.0,2.765267944335939
3324.0,2020-07-16,27.559999,27.950001,27.040001,27.26,27.26,25914200,26.14947,26.780001,0.0,1.11053062438965
3325.0,2020-07-17,27.33,27.73,26.940001,27.049999,27.049999,20920100,26.358995,25.959999,0.0,0.6910035623779294
3326.0,2020-07-20,27.0,27.42,26.030001,26.219999,26.219999,21574500,26.35296,25.5,0.0,-0.13296158654785017
3327.0,2020-07-21,26.5,26.950001,26.35,26.43,26.43,20958600,26.398554,25.940001,0.0,0.03144615173339815
3328.0,2020-07-22,26.23,26.82,26.110001,26.25,26.25,16710800,26.02875,25.719999,0.0,0.2212505340576172
3329.0,2020-07-23,26.0,27.700001,25.780001,26.780001,26.780001,28110700,25.832691,24.940001,0.0,0.9473098073730455
3330.0,2020-07-24,26.48,26.639999,25.879999,25.959999,25.959999,16774900,25.657122,24.969999,0.0,0.3028773416748045
3331.0,2020-07-27,25.950001,26.16,25.370001,25.5,25.5,18849800,25.513252,25.200001,0.0,-0.01325225830078125
3332.0,2020-07-28,25.35,26.299999,25.34,25.940001,25.940001,18615600,25.34546,25.67,0.0,0.5945401082763659
3333.0,2020-07-29,26.02,26.190001,25.379999,25.719999,25.719999,14459700,25.213928,26.469999,-0.5060707773437514,0.0
3334.0,2020-07-30,25.25,25.379999,24.82,24.940001,24.940001,16844000,24.944542,27.08,0.004540931152344996,0.0
3335.0,2020-07-31,24.799999,25.01,24.43,24.969999,24.969999,17116700,24.688648,27.18,-0.28135077612304826,0.0
3336.0,2020-08-03,24.85,25.48,24.379999,25.200001,25.200001,16590400,24.513075,29.34,-0.6869261251220706,0.0
3337.0,2020-08-04,25.450001,26.219999,25.309999,25.67,25.67,17233600,24.433022,29.639999,-1.2369784545898455,0.0
3338.0,2020-08-05,26.219999,27.040001,25.75,26.469999,26.469999,29661100,24.53049,29.09,-1.9395081247558608,0.0
3339.0,2020-08-06,26.9,27.299999,26.129999,27.08,27.08,30682500,24.903723,28.700001,-2.176277236938475,0.0
3340.0,2020-08-07,26.700001,27.200001,26.469999,27.18,27.18,15254500,25.353422,28.950001,-1.8265778350830075,0.0
3341.0,2020-08-10,27.459999,29.41,27.379999,29.34,29.34,34084900,25.970604,28.02,0.0,3.369396057128906
3342.0,2020-08-11,30.790001,30.82,29.43,29.639999,29.639999,37293000,26.78734,27.629999,0.0,2.8526588358154292
3343.0,2020-08-12,30.040001,30.280001,28.360001,29.09,29.09,26623900,27.492464,27.67,0.0,1.597535934448242
3344.0,2020-08-13,28.6,29.58,28.49,28.700001,28.700001,15767700,27.975235,27.620001,0.0,0.7247660146484378
3345.0,2020-08-14,28.299999,29.190001,28.15,28.950001,28.950001,13107800,28.30193,27.27,0.0,0.6480715261230472
3346.0,2020-08-17,29.040001,29.040001,27.76,28.02,28.02,14569000,28.217424,29.799999,0.19742439270019574,0.0
3347.0,2020-08-18,28.0,28.280001,27.370001,27.629999,27.629999,14222500,27.78617,30.100000000000005,0.1561700521240219,0.0
3348.0,2020-08-19,27.75,29.120001,27.559999,27.67,27.67,21082100,27.486012,29.950001,-0.18398849487304858,0.0
3349.0,2020-08-20,27.52,27.790001,27.02,27.620001,27.620001,14010200,27.233574,30.82,-0.3864270864257797,0.0
3350.0,2020-08-21,27.559999,27.860001,27.17,27.27,27.27,10897500,26.977137,31.99,-0.292863388061523,0.0
3351.0,2020-08-24,27.66,29.799999,27.540001,29.799999,29.799999,34251000,26.976048,30.850000000000005,-2.823951484130859,0.0
3352.0,2020-08-25,30.0,30.280001,29.33,30.1,30.1,31001900,27.345713,30.709999,-2.7542873382568374,0.0
3353.0,2020-08-26,30.01,30.219999,29.620001,29.950001,29.950001,18877300,27.804195,31.139999,-2.145805595947266,0.0
3354.0,2020-08-27,30.809999,32.209999,30.620001,30.82,30.82,31795200,28.514454,31.219999,-2.305546112060547,0.0
3355.0,2020-08-28,31.25,31.99,30.73,31.99,31.99,20469700,29.318316,31.77,0.0,2.671684494018553
3356.0,2020-08-31,31.809999,32.009998,30.799999,30.85,30.85,18262700,29.821218,32.540001000000004,-1.0287815093994155,0.0
3357.0,2020-09-01,30.02,31.610001,29.75,30.709999,30.709999,20081200,30.00742,31.760000000000005,-0.7025794138183592,0.0
3358.0,2020-09-02,30.4,31.299999,30.139999,31.139999,31.139999,16307700,30.132471,31.790001,-1.007527915405273,0.0
3359.0,2020-09-03,31.629999,32.529999,30.469999,31.219999,31.219999,29474900,30.137865,31.700001000000004,-1.082133933471681,0.0
3360.0,2020-09-04,31.790001,32.369999,30.610001,31.77,31.77,25878700,30.14628,32.82,-1.6237197113037105,0.0
3361.0,2020-09-08,31.4,33.099998,31.34,32.540001000000004,32.540001000000004,28129400,30.331663,33.509998,-2.2083378682861365,0.0
3362.0,2020-09-09,32.169998,32.439999,31.32,31.76,31.76,19362700,30.632587,34.57,-1.1274125671386734,0.0
3363.0,2020-09-10,32.18,32.709999,31.67,31.790001,31.790001,17711300,30.877178,33.959999,-0.9128228078613283,0.0
3364.0,2020-09-11,31.809999,32.130001,31.34,31.700001,31.700001,14344100,30.951553,32.84,-0.7484476552734378,0.0
3365.0,2020-09-14,32.290001000000004,32.900002,32.009998,32.82,32.82,16333000,31.057842,29.820000000000004,0.0,1.7621577453613284
3366.0,2020-09-15,33.200001,34.48,33.099998,33.509998,33.509998,22656400,31.268301,30.219998999999998,0.0,2.241696989868167
3367.0,2020-09-16,33.799999,34.990002000000004,33.189999,34.57,34.57,26009000,31.708435,29.559999,0.0,2.8615649414062503
3368.0,2020-09-17,33.970001,35.07,33.639999,33.959999,33.959999,26014800,32.186546,29.01,0.0,1.7734526743164096
3369.0,2020-09-18,33.220001,34.02,32.580002,32.84,32.84,35079200,32.555733,29.780001,0.0,0.28426727294922216
3370.0,2020-09-21,31.16,31.200001,29.42,29.82,29.82,34449900,32.28016,31.339999999999996,2.460158996582031,0.0
3371.0,2020-09-22,29.809999,30.540001,29.719999,30.219999,30.219999,18035300,31.544172,30.610001,1.3241732869873033,0.0
3372.0,2020-09-23,30.440001,31.030001,29.49,29.559999,29.559999,17358100,30.621248,30.58,1.0612492452392566,0.0
3373.0,2020-09-24,29.120001,29.51,27.92,29.01,29.01,22257800,29.616344,31.1,0.6063444519042953,0.0
3374.0,2020-09-25,28.82,29.790001,28.780001,29.780001,29.780001,21831500,28.861105,31.750000000000004,-0.9188960347900377,0.0
3375.0,2020-09-28,30.6,31.959999,30.139999,31.34,31.34,22098400,28.872389,32.0,-2.46761116027832,0.0
3376.0,2020-09-29,31.1,31.110001,30.299999,30.610001,30.610001,14785600,29.034643,31.059999,-1.575357826782227,0.0
3377.0,2020-09-30,30.99,31.85,30.48,30.58,30.58,16664100,29.281061,32.150002,-1.2989388275146467,0.0
3378.0,2020-10-01,30.99,31.360001,30.58,31.1,31.1,12501900,29.701632,32.68,-1.3983684539794936,0.0
3379.0,2020-10-02,29.75,32.299999,29.610001,31.75,31.75,27126000,29.988085,32.810001,-1.7619152069091797,0.0
3380.0,2020-10-05,32.349998,32.43,31.52,32.0,32.0,14807100,30.122824,32.639999,-1.877176284790039,0.0
3381.0,2020-10-06,32.630001,32.720001,30.91,31.059999,31.059999,20317100,30.357136,31.77,-0.7028632272949231,0.0
3382.0,2020-10-07,32.220001,32.360001000000004,31.639999,32.150002,32.150002,15416600,30.603523,31.760000000000005,0.0,1.5464787456054694
3383.0,2020-10-08,32.689999,33.0,31.92,32.68,32.68,18123800,30.89812,31.339999999999996,0.0,1.7818791198730466
3384.0,2020-10-09,32.709999,33.27,32.290001000000004,32.810001,32.810001,16730600,31.212942,31.469999,0.0,1.5970588765869138
3385.0,2020-10-12,32.68,32.810001,32.299999,32.639999,32.639999,12065800,31.352861,31.499999999999996,0.0,1.2871375955810578
3386.0,2020-10-13,31.9,32.389999,31.48,31.77,31.77,22421200,31.437223,31.979999999999997,-0.3327765655517574,0.0
3387.0,2020-10-14,31.77,32.32,31.65,31.76,31.76,16512600,31.376167,31.499999999999996,0.0,0.3838327026367203
3388.0,2020-10-15,31.379999,31.459999,30.690001,31.34,31.34,11922300,31.114166,33.720001,-0.22583374023437486,0.0
3389.0,2020-10-16,31.4,31.76,31.24,31.469999,31.469999,11143600,30.822144,34.0,-0.6478554453125014,0.0
3390.0,2020-10-19,31.700001,32.27,31.309999,31.5,31.5,14588700,30.620653,31.93,-0.8793468475341797,0.0
3391.0,2020-10-20,31.969999,32.41,31.59,31.98,31.98,14244300,30.62142,30.709999,0.0,1.3585800933837895
3392.0,2020-10-21,31.889999,31.940001,31.370001,31.5,31.5,11292300,30.623903,29.650000000000002,0.0,0.8760967254638672
3393.0,2020-10-22,31.870001,33.810001,31.719999,33.720001,33.720001,25713700,30.87902,30.759999999999998,0.0,2.8409803090820347
3394.0,2020-10-23,33.52,34.040001000000004,32.900002,34.0,34.0,15247300,31.271345,30.639998999999996,0.0,2.7286548614501953
3395.0,2020-10-26,33.5,33.5,31.530001,31.93,31.93,16558300,31.555922,30.219998999999998,0.0,0.37407844543457003
3396.0,2020-10-27,31.75,32.060001,30.690001,30.709999,30.709999,13442000,31.534267,30.899999999999995,0.8242684255371096,0.0
3397.0,2020-10-28,29.76,30.15,28.74,29.65,29.65,22720900,31.185154,30.43,1.535153961181642,0.0
3398.0,2020-10-29,29.459999,30.91,29.34,30.76,30.76,16962300,30.508444,31.979999999999997,-0.2515561676025406,0.0
3399.0,2020-10-30,30.52,30.99,29.99,30.639999,30.639999,15229400,29.81536,31.42,-0.8246398843994136,0.0
3400.0,2020-11-02,30.620001,30.629999,29.67,30.219999,30.219999,14200900,29.405807,36.77,-0.8141915048828139,0.0
3401.0,2020-11-03,30.940001,31.360001,30.639999,30.9,30.9,14257900,29.364697,37.040001,-1.5353034973144517,0.0
3402.0,2020-11-04,30.91,31.309999,30.110001,30.43,30.43,12348500,29.58855,35.02,-0.8414494323730466,0.0
3403.0,2020-11-05,30.85,32.259998,30.799999,31.98,31.98,13145100,29.79366,34.380001,-2.1863407897949223,0.0
3404.0,2020-11-06,31.67,31.84,31.030001,31.42,31.42,11821100,29.992197,36.459999,-1.4278029632568376,0.0
3405.0,2020-11-09,37.400002,38.689999,34.68,36.77,36.77,58086400,30.996023,38.0,-5.773976821899417,0.0
3406.0,2020-11-10,36.099998,37.169998,35.689999,37.040001,37.040001,28449400,32.200073,37.599998,-4.839927757812497,0.0
3407.0,2020-11-11,36.639999,36.790001,34.73,35.02,35.02,20970400,33.400005,37.91,-1.6199946594238313,0.0
3408.0,2020-11-12,34.09,35.549999,34.02,34.380001,34.380001,21676300,34.12292,37.91,-0.25708001000976566,0.0
3409.0,2020-11-13,34.950001,36.669998,34.849998,36.459999,36.459999,20832400,34.77257,37.130001,-1.6874274362793003,0.0
3410.0,2020-11-16,38.43,38.650002,37.240002,38.0,38.0,25376600,34.822144,38.790001,-3.1778564453125,0.0
3411.0,2020-11-17,37.400002,38.049999,36.66,37.599998,37.599998,16952700,35.073326,41.259998,-2.5266718891601556,0.0
3412.0,2020-11-18,38.09,39.299999,37.889999,37.91,37.91,21199200,35.635647,41.290001,-2.274353179931637,0.0
3413.0,2020-11-19,37.59,38.130001,37.48,37.91,37.91,13981600,36.316635,41.060001,-1.593364868164059,0.0
3414.0,2020-11-20,37.990002,38.09,36.970001,37.130001,37.130001,12490500,36.62474,40.25,-0.5052603994140625,0.0
3415.0,2020-11-23,37.799999,38.849998,37.43,38.790001,38.790001,14802900,36.617798,39.959999,-2.1722031484374966,0.0
3416.0,2020-11-24,40.049999,41.290001,39.41,41.259998,41.259998,23818000,37.0658,41.07,0.0,4.194198286865237
3417.0,2020-11-25,40.799999,41.490002,40.049999,41.290001,41.290001,14588900,37.622814,42.950001,-3.6671868215331997,0.0
3418.0,2020-11-27,41.790001,42.189999,40.779999,41.060001,41.060001,10516600,38.395817,42.360001,-2.664184197021484,0.0
3419.0,2020-11-30,40.529999,41.049999,39.349998,40.25,40.25,16732600,39.06329,42.349998,-1.1867103576660156,0.0
3420.0,2020-12-01,40.790001,41.060001,39.919998,39.959999,39.959999,13223600,39.440067,42.41,-0.5199317087402378,0.0
3421.0,2020-12-02,39.810001,41.279999,39.060001,41.07,41.07,12937300,39.35408,42.110001,-1.7159197998046878,0.0
3422.0,2020-12-03,41.700001,43.759998,41.560001,42.950001,42.950001,24526800,39.50609,42.619999,0.0,3.443912743164063
3423.0,2020-12-04,43.200001,43.490002,42.07,42.360001,42.360001,18453400,39.800934,41.740002,0.0,2.559067162109372
3424.0,2020-12-07,42.400002,42.830002,41.740002,42.349998,42.349998,13169100,40.28623,40.689999,0.0,2.0637698200683587
3425.0,2020-12-08,41.950001,42.880001,41.77,42.41,42.41,11530300,40.703957,41.849998,0.0,1.7060433959960903
3426.0,2020-12-09,43.049999,43.48,41.330002,42.110001,42.110001,16348300,41.041817,41.080002,0.0,1.0681842885742157
3427.0,2020-12-10,41.16,42.75,41.07,42.619999,42.619999,10680700,40.936966,41.110001,0.0,1.6830330576171875
3428.0,2020-12-11,42.009998,42.43,41.139999,41.740002,41.740002,12223100,40.780426,40.68,0.0,0.9595759746093719
3429.0,2020-12-14,42.25,42.380001,40.669998,40.689999,40.689999,12445200,40.621033,40.139999,0.0,0.06896628515625025
3430.0,2020-12-15,41.200001,41.93,40.16,41.849998,41.849998,11453800,40.42507,38.939999,0.0,1.4249262836914056
3431.0,2020-12-16,41.75,41.810001,40.66,41.080002,41.080002,11010600,40.199352,40.240002,0.0,0.8806497355957035
3432.0,2020-12-17,41.299999,41.419998,40.610001,41.110001,41.110001,9656700,40.021152,39.73,0.0,1.0888485036621063
3433.0,2020-12-18,40.880001,41.029999,40.279999,40.68,40.68,14312400,39.830032,40.150002,0.0,0.8499676513671872
3434.0,2020-12-21,39.560001,40.349998,39.16,40.139999,40.139999,16976800,39.577988,40.029999,0.0,0.5620113291015656
3435.0,2020-12-22,40.43,40.490002,38.84,38.939999,38.939999,13461200,39.22218,40.560001,0.2821804128417966,0.0
3436.0,2020-12-23,39.299999,40.470001,39.18,40.240002,40.240002,12659700,38.896324,40.209999,0.0,1.3436778422851532
3437.0,2020-12-24,40.419998,40.439999,39.599998,39.73,39.73,5176400,38.66,38.73,0.0,1.0700001525878875
3438.0,2020-12-28,40.27,40.779999,40.009998,40.150002,40.150002,10654400,38.578003,39.549999,0.0,1.5719990703125006
3439.0,2020-12-29,40.84,40.84,39.900002,40.029999,40.029999,8142800,38.68064,40.380001,-1.3493578256835903,0.0
3440.0,2020-12-30,40.0,40.91,39.889999,40.560001,40.560001,8504600,38.842934,40.23,0.0,1.7170673452148435
3441.0,2020-12-31,40.299999,40.740002,39.759998,40.209999,40.209999,8705700,38.92018,40.02,0.0,1.2898177255859409
3442.0,2021-01-04,40.169998,40.34,38.330002,38.73,38.73,15123400,38.845123,39.41,0.11512329101562813,0.0
3443.0,2021-01-05,38.490002,40.09,38.450001,39.549999,39.549999,12317200,38.62873,40.299999,-0.9212682260742184,0.0
3444.0,2021-01-06,39.639999,40.900002,39.540001,40.380001,40.380001,12881100,38.504883,40.450001,-1.8751181875,0.0
3445.0,2021-01-07,40.450001,40.950001,40.209999,40.23,40.23,9136300,38.49037,41.470001,-1.7396282958984344,0.0
3446.0,2021-01-08,40.41,40.689999,39.77,40.02,40.02,9497500,38.537586,39.98,0.0,1.4824137878418
3447.0,2021-01-11,39.080002,39.990002,38.900002,39.41,39.41,11754900,38.624283,40.310001,-0.7857171630859341,0.0
3448.0,2021-01-12,39.689999,40.41,39.16,40.299999,40.299999,9725000,38.700428,41.619999,-1.5995709909667966,0.0
3449.0,2021-01-13,40.009998,40.740002,39.630001,40.450001,40.450001,10852500,38.66609,40.669998,-1.7839128957519534,0.0
3450.0,2021-01-14,41.209999,42.639999,41.119999,41.470001,41.470001,17658300,38.829933,40.0,0.0,2.640067833496097
3451.0,2021-01-15,41.669998,41.669998,39.959999,39.98,39.98,15465500,39.04002,38.900002,0.0,0.939980010986325
3452.0,2021-01-19,40.310001,40.650002,39.799999,40.310001,40.310001,11530700,39.275055,39.32,0.0,1.0349460683593747
3453.0,2021-01-20,40.689999,41.77,40.5,41.619999,41.619999,11335700,39.442585,38.52,0.0,2.177414008544922
3454.0,2021-01-21,41.310001,41.43,40.169998,40.669998,40.669998,11155100,39.540604,40.080002,0.0,1.1293943623046871
3455.0,2021-01-22,40.0,40.27,39.810001,40.0,40.0,11310100,39.311043,37.959999,0.0,0.6889572143554688
3456.0,2021-01-25,39.630001,39.75,38.419998,38.900002,38.900002,15964900,39.071228,37.82,0.0,-0.17122602734374937
3457.0,2021-01-26,39.259998,39.639999,38.98,39.32,39.32,10599400,38.822147,38.799999,0.0,0.49785263061523466
3458.0,2021-01-27,38.630001,39.23,38.16,38.52,38.52,16953400,38.319717,39.779999,-0.20028259277344063,0.0
3459.0,2021-01-28,39.549999,40.369999,38.990002,40.080002,40.080002,21654000,38.03629,40.93,-2.0437127849121097,0.0
3460.0,2021-01-29,39.27,39.830002,37.740002,37.959999,37.959999,17977200,37.847046,41.150002,-0.11295310156250338,0.0
3461.0,2021-02-01,38.349998,38.439999,37.419998,37.82,37.82,10332900,37.6717,43.240002,-0.14830047607421903,0.0
3462.0,2021-02-02,38.549999,38.880001,37.990002,38.799999,38.799999,11854300,37.48293,42.509998,-1.3170697702636716,0.0
3463.0,2021-02-03,38.869999,39.900002,38.700001,39.779999,39.779999,12416000,37.52867,42.900002,-2.251327735351559,0.0
3464.0,2021-02-04,39.950001,41.07,39.939999,40.93,40.93,11431800,37.622208,42.720001,-3.307792358398437,0.0
3465.0,2021-02-05,41.380001,41.400002,40.75,41.150002,41.150002,10087700,38.14113,43.290001,-3.008873459960938,0.0
3466.0,2021-02-08,41.549999,43.459999,41.360001,43.240002,43.240002,18296300,38.991135,44.650002,-4.248867356445309,0.0
3467.0,2021-02-09,42.959999,42.959999,41.810001,42.509998,42.509998,10432100,39.80252,44.389999,-2.707477248046878,0.0
3468.0,2021-02-10,42.84,43.220001,42.16,42.900002,42.900002,12011100,40.486515,44.380001,-2.413486954833985,0.0
3469.0,2021-02-11,42.700001,43.139999,42.0,42.720001,42.720001,8537500,40.922142,45.669998,-1.7978589711914097,0.0
3470.0,2021-02-12,42.509998,43.939999,42.41,43.290001,43.290001,11472800,41.25978,47.740002,-2.030220116210934,0.0
3471.0,2021-02-16,43.990002,44.810001,43.779999,44.650002,44.650002,13775500,41.5295,48.34,-3.1205029460449225,0.0
3472.0,2021-02-17,44.279999,44.5,43.540001,44.389999,44.389999,10934400,41.876495,49.599998,-2.513503638671878,0.0
3473.0,2021-02-18,43.799999,44.549999,43.369999,44.380001,44.380001,8747800,42.17507,48.25,-2.2049292836914063,0.0
3474.0,2021-02-19,44.619999,46.220001,44.549999,45.669998,45.669998,14587700,42.629066,47.939999,-3.0409315327148434,0.0
3475.0,2021-02-22,46.75,48.93,46.470001,47.740002,47.740002,21573500,43.34675,48.060001,-4.393253647949216,0.0
3476.0,2021-02-23,48.130001,48.880001,45.700001,48.34,48.34,19193800,44.05626,48.23,0.0,4.283740844726566
3477.0,2021-02-24,48.93,50.200001,48.619999,49.599998,49.599998,17020900,45.054043,48.349998,0.0,4.54595518383789
