date,open,high,low,close,adj_close,volume,9-day,21-day,50-day,200-day,adj_close_1_days,true_adj_close_1_days,percent_change,buy_profit,sell_profit
2019-12-16,60.119999,60.48,59.939999,60.259998,58.507893,18100,57.0898543333332,56.782229714285776,55.86505932000002,53.11378737500003,57.7425422668457,58.22632600000001,-4.177656516275191,0.0,0.7653507331542997
2019-12-17,59.990002,60.189999,59.849998,59.970001,58.226326,9300,57.2726313333332,56.85733890476197,55.97030590000002,53.14889565500003,58.02985763549805,58.158359999999995,-3.235189815157676,0.0,0.19646836450195337
2019-12-18,59.959999,60.189999,59.880001,59.900002,58.15836,181900,57.46182766666654,56.92414500000006,56.07844884000002,53.183664105000034,58.328216552734375,58.430218,-2.6240156841157125,0.16985655273437317,0.0
2019-12-19,59.34,60.259998,59.34,60.18,58.430218,6300,57.65436355555542,56.998369761904826,56.188160140000015,53.222197355000034,58.39468765258789,58.284573,-2.9666207168695733,0.0,0.03553034741211292
2019-12-20,60.02,60.049999,59.810001,60.029999,58.284573,3900,57.86188144444431,57.08730600000006,56.292250500000016,53.262124915000044,58.37590408325195,58.36225500000001,-2.7554471835790695,0.09133108325195138,0.0
2019-12-23,60.130001,60.18,59.919998,60.110001,58.36225500000001,4900,58.074807222222084,57.181323190476256,56.38029134000002,53.299422200000045,58.33103561401367,58.33312599999999,-2.959516480437798,0.0,0.031219385986339887
2019-12-24,60.18,60.18,59.610001,60.080002,58.333126,3300,58.20711999999987,57.27165047619054,56.46620206000002,53.33596065000004,58.296817779541016,58.604984,-2.9680162468353193,-0.03630822045898441,0.0
2019-12-26,59.830002,60.400002,59.830002,60.360001,58.604984,4300,58.32665266666653,57.34959180952387,56.547104160000025,53.37258485000004,58.32340621948242,58.857422,-3.374080097377028,-0.28157778051757987,0.0
2019-12-27,60.650002,60.650002,60.32,60.619999,58.857422,6600,58.41835077777765,57.43863304761911,56.630153400000026,53.41113160500004,58.466278076171875,57.96417199999999,-3.552822433778207,0.0,0.3911439238281247
2019-12-30,60.52,60.52,59.540001,59.700001,57.964172,5400,58.3579373333332,57.49250780952387,56.697078600000026,53.441297235000036,58.48796463012695,58.58556399999999,-2.03021164082233,0.5237926301269553,0.0
2019-12-31,60.119999,60.380001,59.93,60.34,58.585564,3200,58.39785266666653,57.595316619047686,56.77759230000002,53.47442834000004,58.506282806396484,59.168118,-3.0389744673575056,-0.0792811936035136,0.0
2020-01-02,60.73,60.990002,60.580002,60.939999,59.16811800000001,11600,58.51004799999987,57.74428890476197,56.864534220000024,53.50957604500004,58.64054870605469,58.478764000000005,-3.7733021524094754,0.0,0.5275692939453194
2020-01-03,60.279999,60.43,60.200001,60.23,58.478764,3200,58.515441999999865,57.8696462380953,56.93846284000002,53.54324670000003,58.67387771606445,58.342834,-2.583633212577692,0.0,-0.19511371606445493
2020-01-06,59.98,60.34,59.189999,60.09,58.342834,5400,58.52191544444432,57.9535272380953,57.006771080000014,53.57362721500003,58.565513610839844,58.22632600000001,-2.5370051408889327,0.0,-0.22267961083984034
2020-01-07,60.220001,60.310001,59.970001,59.970001,58.226326,12100,58.50681222222209,58.03784785714292,57.06926734000002,53.61011752000003,58.562583923339844,58.381668000000005,-2.346868522913914,0.3362579233398435,0.0
2020-01-08,60.07,60.610001,59.98,60.130001,58.38166800000001,10300,58.512205777777645,58.118051333333405,57.132355720000014,53.646767510000025,58.554771423339844,58.595272,-2.6197065532397983,0.17310342333983186,0.0
2020-01-09,60.439999,60.639999,60.18,60.349998,58.595272,4200,58.51112666666654,58.221782761904834,57.19739486000001,53.68367867500003,58.49580001831055,58.546726,-3.0724076936828606,0.0,0.09947198168945448
2020-01-10,60.27,60.41,60.150002,60.299999,58.546726,6000,58.476604888888765,58.32182100000008,57.25836798000001,53.720014830000025,58.50161361694336,58.770042,-2.9823970362862533,-0.045112383056640226,0.0
2020-01-13,60.41,61.110001,60.299999,60.529999,58.770042,23100,58.566145999999875,58.39933200000008,57.32032560000002,53.75822699500003,58.61960220336914,58.97393399999999,-3.1561156917099176,-0.15043979663085594,0.0
2020-01-14,60.419998,60.889999,60.310001,60.740002,58.973934,9600,58.6092982222221,58.468129333333415,57.39081014000001,53.79608216000003,58.69598388671875,58.808876000000005,-3.365192699995708,0.0,0.27795011328124986
2020-01-15,60.650002,60.68,60.5,60.57,58.808876,5000,58.56938244444432,58.5051168095239,57.44600018000001,53.82955229500003,58.76432418823242,59.119572000000005,-2.981138867042395,-0.044551811767576055,0.0
2020-01-16,60.84,61.029999,60.650002,60.889999,59.119572,7100,58.64058333333321,58.53424438095247,57.497345320000015,53.86528786500003,58.83941650390625,59.158413,-3.3676835765652635,-0.280155496093748,0.0
2020-01-17,60.880001,61.02,60.439999,60.93,59.158413,23500,58.73120322222209,58.57862947619058,57.54733938000001,53.899366560000026,58.93558120727539,58.847717,-3.2732952449115524,0.0,0.2228317927246124
2020-01-21,60.720001,60.720001,60.209999,60.610001,58.847717,10700,58.80024666666654,58.61145600000011,57.59015226000001,53.931844320000025,58.938411712646484,58.663231,-2.7579430123314346,0.0,-0.09069471264648143
2020-01-22,60.73,60.810001,60.32,60.419998,58.663231,27900,58.83153144444432,58.622551857142966,57.62501990000001,53.96273516500003,58.949520111083984,58.711788000000006,-2.4337602409652765,0.28628911108398114,0.0
2020-01-23,60.32,60.48,59.889999,60.470001,58.711788,11600,58.844477666666535,58.64289542857155,57.65737676000001,53.993489065000034,58.889408111572266,58.342834,-2.6138463077381755,0.0,-0.1776201115722671
2020-01-24,60.720001,60.720001,60.09,60.09,58.342834,17700,58.82182299999987,58.64197061904774,57.69318714000002,54.024771390000026,58.81438064575195,57.391327,-2.12284798510243,0.0,-0.4715466457519497
2020-01-27,59.299999,59.330002,59.040001,59.110001,57.391327,11900,58.66863244444432,58.59712304761917,57.71093448000001,54.05067915500002,58.54008865356445,57.78940999999999,-0.9641555350938733,1.1487616535644563,0.0
2020-01-28,59.450001,59.619999,59.360001,59.52,57.78941,6500,58.53701866666654,58.558286190476316,57.73780422000001,54.07824507500001,58.33908462524414,57.876793000000006,-1.984064809737672,0.549674625244144,0.0
2020-01-29,59.799999,60.400002,59.610001,59.610001,57.876793000000006,10400,58.43345388888876,58.51158957142869,57.76854938,54.10624791000001,58.20768356323242,57.905918,-2.3524868532841916,0.3308905632324155,0.0
2020-01-30,59.41,59.639999,59.119999,59.639999,57.90591800000001,7800,58.298603444444325,58.50881557142869,57.79368708,54.13320979000001,58.06425476074219,56.95441100000001,-2.6420930008027255,0.0,-0.15833676074218062
2020-01-31,59.130001,59.310001,58.66,58.66,56.954411,10800,58.05371433333322,58.431141619047736,57.797666660000004,54.154797105000014,57.825077056884766,57.041798,-1.423325849156548,0.8706660568847653,0.0
2020-02-03,58.75,59.220001,58.700001,58.75,57.041798,8100,57.853056666666554,58.3298882857144,57.80107266000001,54.17715358000001,57.75407791137695,57.837952,-1.695186533826463,0.7122799113769531,0.0
2020-02-04,59.540001,59.810001,59.509998,59.57,57.837952,5300,57.761358999999885,58.29937342857155,57.82949346,54.20282636000001,57.765018463134766,58.449634999999994,-3.030017688207545,-0.07293353686523574,0.0
2020-02-05,60.380001,60.48,60.200001,60.200001,58.449635,6800,57.73223088888877,58.3044591904763,57.87072828,54.23231698500002,57.85386276245117,58.566147,-3.8972395325189915,-0.5957722375488288,0.0
2020-02-06,60.509998,60.509998,60.32,60.32,58.566147,5100,57.75704344444432,58.320641142857255,57.913326160000004,54.26139343000002,58.037410736083984,58.478764000000005,-3.7841333950862333,0.0,0.5287362639160165
2020-02-07,59.91,60.32,59.91,60.23,58.478764,6900,57.87786977777765,58.325264761904876,57.94353712,54.29226373500001,58.23460006713867,58.449634999999994,-3.312966848516229,0.0,0.24416393286132632
2020-02-10,60.029999,60.240002,59.93,60.200001,58.449635,10200,57.951228111110986,58.31832966666678,57.9727787,54.32275108500002,58.43925857543945,58.682655,-2.9248212546716523,-0.010376424560547548,0.0
2020-02-11,60.689999,60.689999,60.43,60.439999,58.682655,7800,58.040768333333205,58.324802476190584,58.009775760000004,54.354118765000024,58.594207763671875,58.93509699999999,-3.053923340283519,-0.0884472363281219,0.0
2020-02-12,60.610001,60.740002,60.580002,60.700001,58.935097,3600,58.155121555555425,58.332662238095345,58.059946120000006,54.38608415500002,58.65057373046875,58.49818000000001,-3.37632164047452,0.0,0.28452326953124896
2020-02-13,60.220001,60.369999,59.310001,60.25,58.49818000000001,4100,58.32665144444431,58.31000728571439,58.109115720000005,54.414108805000026,58.59029006958008,58.459343000000004,-2.7547052787052646,0.0,-0.09211006958006607
2020-02-14,60.400002,60.400002,60.080002,60.209999,58.459343,2300,58.48415644444432,58.29336285714296,58.16137738000001,54.44288854000002,58.62131881713867,58.439926,-2.63856536995015,0.0,-0.16197581713867493
2020-02-18,60.0,60.330002,59.98,60.189999,58.439926,10200,58.55104244444432,58.260998761904865,58.19854924000001,54.47309003000002,58.62154006958008,58.46905499999999,-2.605846413820213,0.1816140695800783,0.0
2020-02-19,60.259998,60.259998,60.099998,60.220001,58.469055,6800,58.5532002222221,58.228172190476286,58.238818480000006,54.500067280000025,58.56052780151367,57.983597,-2.75568444192874,0.0,-0.09147280151367454
2020-02-20,60.0,60.150002,59.240002,59.720001,57.983597,167200,58.488472444444334,58.18702361904771,58.264542520000006,54.52699040500002,58.51742935180664,57.82824300000001,-2.013683235191779,0.0,-0.5338323518066375
2020-02-21,59.549999,59.830002,59.450001,59.560001,57.82824300000001,4600,58.41619233333323,58.14726228571437,58.29276914,54.558879840000024,58.41538619995117,55.72134000000001,-1.9217843868888247,0.0,-0.5871431999511643
2020-02-24,56.84,57.950001,56.84,57.389999,55.72134000000001,18300,58.11304844444435,58.004860000000086,58.27827748,54.57881083000003,57.86857604980469,54.75041199999999,0.8339032203236044,0.0,-2.1472360498046754
2020-02-25,57.470001,57.470001,56.27,56.389999,54.750412,19900,57.67613255555547,57.833792285714374,58.230439499999996,54.59569079000003,57.28298568725586,54.76983299999999,1.5835905357186764,2.532573687255862,0.0
2020-02-26,56.709999,57.119999,56.41,56.41,54.769833,5200,57.213325444444344,57.708959238095325,58.17525235999999,54.61219321000002,56.62189483642578,53.33286700000001,0.3756334629069042,0.0,-1.8520618364257828
2020-02-27,55.709999,55.900002,54.93,54.93,53.33286700000001,21700,56.63940177777768,57.496742904761994,58.08126691999999,54.62464339000002,55.867313385009766,52.391064,1.7063779082646384,0.0,-2.5344463850097583
2020-02-28,53.240002,53.970001,53.049999,53.959999,52.391064,14000,55.96514855555545,57.2355177142858,57.95893033999999,54.631577710000016,54.830406188964844,53.429958,1.6130600539203872,2.4393421889648437,0.0
2020-03-02,54.119999,55.029999,53.860001,55.029999,53.429958,13000,55.408485444444345,57.02237676190485,57.86300297999999,54.64308945500002,54.3323974609375,53.070713,-1.267674998617566,0.0,-0.9024394609375008
2020-03-03,55.369999,56.240002,54.41,54.66,53.070713,26300,54.80866966666656,56.837438761904856,57.76125003999999,54.65128613500002,54.01912307739258,54.381458,-1.1724788192598217,0.9484100773925803,0.0
2020-03-04,55.400002,56.060001,55.279999,56.009998,54.381458,8600,54.408431999999884,56.710755904762,57.680274839999996,54.66760285500001,53.865291595458984,52.954205,-3.8291492253597625,0.0,0.5161664045410177
2020-03-05,54.880001,55.09,54.5,54.540001,52.954205,12200,53.866872222222106,56.478196523809615,57.57366748,54.677352880000015,53.78225326538086,52.148335,-1.3893430889726923,0.0,-0.8280482653808576
2020-03-06,53.91,54.169998,53.189999,53.709999,52.148335,13600,53.469871666666556,56.17813461904772,57.44938907999999,54.682171740000015,53.80886459350586,47.565575,0.18407297588267688,0.0,-1.6605295935058564
2020-03-09,52.5,53.73,48.990002,48.990002,47.565575,30200,52.67155644444434,55.654297857142964,57.234038059999996,54.66455142500002,53.196678161621094,49.856953,8.586805449857088,5.631103161621091,0.0
2020-03-10,51.18,51.349998,49.849998,51.349998,49.856953,37200,52.12568088888878,55.24373542857153,57.05907743999999,54.66090356500002,52.435089111328125,47.342262,2.1131278550938317,0.0,-2.578136111328128
2020-03-11,50.029999,50.07,48.490002,48.759998,47.342262,44600,51.460058111110996,54.714812904762006,56.828774239999994,54.64340072000002,51.33343505859375,42.351711,5.2777628469011555,0.0,-3.991173058593752
2020-03-12,46.369999,46.82,42.810001,43.619999,42.351711,43700,50.34457444444433,53.937148904762005,56.51652501999999,54.60270129500002,49.580928802490234,45.05088,13.665589039766449,7.229217802490233,0.0
2020-03-13,47.75,47.75,43.610001,46.400002,45.05088,41900,49.41356577777767,53.27599571428581,56.24583133999999,54.57654191000002,48.263099670410156,39.953529,4.015296530397037,0.0,-3.212219670410157
2020-03-16,42.07,43.009998,41.09,41.150002,39.953529,33800,47.95610088888878,52.39291709523819,55.86153955999998,54.52394650500001,46.51628494262695,41.681774,13.04078415993018,6.56275594262695,0.0
2020-03-17,42.5,42.939999,41.369999,42.93,41.681774,52800,46.545024888888776,51.59398523809533,55.525599759999984,54.481606055000015,44.954219818115234,38.64278,4.715163797147064,0.0,-3.272445818115237
2020-03-18,40.130001,40.610001,36.48,39.799999,38.64278,26400,44.95486655555545,50.65126400000008,55.13159867999999,54.42198224000001,43.08997344970703,39.584579,8.266267669270624,4.447193449707029,0.0
2020-03-19,39.880001,41.34,39.52,40.77,39.584579,18900,43.55889366666656,49.75200323809533,54.758763739999985,54.364836660000016,42.1332893371582,39.031155,3.3438541504984056,0.0,-2.548710337158205
2020-03-20,41.900002,42.220001,40.200001,40.200001,39.031155,61300,42.61062477777767,48.84950600000008,54.37175347999999,54.30558844500002,41.192909240722656,37.720406,2.4699209353817078,0.0,-2.161754240722658
2020-03-23,39.389999,40.34,37.860001,38.849998,37.720406,54000,41.26211955555545,47.89198995238103,53.954256159999986,54.23755570500002,40.68492889404297,41.497299,4.723117087529759,2.9645228940429718,0.0
2020-03-24,42.189999,42.740002,41.209999,42.740002,41.497299,38200,40.61267922222211,47.21465466666674,53.61326761999999,54.182854185000025,40.684295654296875,43.212273,-4.809794687663145,-0.8130033457031232,0.0
2020-03-25,42.869999,44.889999,42.310001,44.119999,43.212273,50000,40.708297222222114,46.66521947619056,53.302112239999985,54.138531145000016,41.485965728759766,45.014416,-5.970157141753867,-1.7263072712402376,0.0
2020-03-26,44.400002,46.080002,44.400002,45.959999,45.014416,57300,40.70424566666655,46.2006758095239,53.022921879999984,54.10236449500002,42.43696975708008,43.447338,-7.665424977315436,0.0,2.577446242919919
2020-03-27,44.130001,45.23,43.68,44.360001,43.447338,38800,41.092446666666554,45.72993633333343,52.71569111999998,54.058932010000014,43.0800895690918,43.927254,-2.885282691738894,-0.36724843090820514,0.0
2020-03-30,43.720001,44.939999,43.52,44.849998,43.927254,57000,41.34194444444433,45.32689776190485,52.41184475999999,54.01842120500001,44.01752471923828,44.230877,-1.856127799073075,0.09027071923828345,0.0
2020-03-31,44.610001,45.869999,44.57,45.16,44.230877,56700,41.962844111110996,44.88884628571437,52.113294039999985,53.98033031000002,44.5337028503418,42.487499,-1.3868404553990252,0.0,-0.3028258503417973
2020-04-01,44.0,44.040001,43.07,43.380001,42.487499,18200,42.285390777777664,44.384883714285806,51.786089679999975,53.931530415000026,44.52643966674805,43.016388,2.6427815590600074,2.038940666748047,0.0
2020-04-02,43.41,43.950001,43.279999,43.919998,43.016388,12500,42.72819444444433,43.843689904761995,51.473152819999974,53.88383514000003,44.23491668701172,42.330795,0.717028008543441,0.0,-1.2185286870117196
2020-04-03,43.490002,43.630001,42.599998,43.220001,42.330795,12800,43.24045988888877,43.33781323809533,51.145532959999976,53.83016162500003,44.0045280456543,44.691208,1.8151944180989106,1.673733045654295,0.0
2020-04-06,44.580002,45.639999,44.439999,45.630001,44.691208,34000,43.59533866666655,42.982711952381045,50.872500439999975,53.78626916500003,44.14921951293945,45.161331,-3.245192756100415,-0.54198848706055,0.0
2020-04-07,47.130001,47.130001,45.880001,46.110001,45.161331,11100,43.81190066666656,42.86822414285724,50.627900519999976,53.74525661000003,44.473487854003906,45.494339,-3.54915009868703,-0.6878431459960908,0.0
2020-04-08,46.279999,46.66,45.939999,46.450001,45.494339,12700,43.86522544444434,42.66048061904771,50.38199909999997,53.706053500000024,44.994022369384766,46.326847,-3.134507210484742,-0.5003166306152309,0.0
2020-04-09,47.73,47.73,46.869999,47.299999,46.326847,12400,44.185170888888784,42.61212752380962,50.151000179999976,53.67197528500002,45.72019958496094,46.042812,-3.3399565506102062,0.0,0.6066474150390633
2020-04-13,46.98,47.009998,46.130001,47.009998,46.042812,21500,44.42023288888878,42.78789423809533,49.91373805999998,53.63633252500003,46.36360549926758,46.63047,-1.3750106960915525,0.3207934992675803,0.0
2020-04-14,47.509998,47.830002,47.049999,47.610001,46.63047,17400,44.68685433333323,42.8631128095239,49.70725923999998,53.60391679000002,46.811492919921875,45.102566,-1.677185598206818,0.0,-0.18102291992187247
2020-04-15,45.950001,46.369999,45.02,46.049999,45.102566,41400,44.97741733333323,43.10830504761914,49.46847459999997,53.56058948000002,46.689361572265625,44.769558,1.3884095247550936,0.0,-1.586795572265622
2020-04-16,46.119999,46.119999,45.52,45.709999,44.769558,7200,45.1722139999999,43.25534238095247,49.20710671999998,53.51400914500002,46.578125,46.434586,1.8992037168935323,1.8085669999999965,0.0
2020-04-17,46.830002,47.41,46.73,47.41,46.434586,31400,45.628190777777675,43.62638076190485,48.96680573999997,53.47570585000001,46.513336181640625,45.768574,-1.8912968115574174,0.0,-0.07875018164062197
2020-04-20,47.07,47.310001,46.610001,46.73,45.768574,6800,45.747898111111006,43.9208567142858,48.71085427999998,53.43344696000001,46.52434539794922,44.916481,-0.4400911663830048,0.0,-0.7557713979492178
2020-04-21,45.91,46.0,45.279999,45.860001,44.916481,21200,45.720692555555445,44.20111033333342,48.43960861999998,53.388611755000014,46.23283004760742,45.278862,0.8129721750495056,1.3163490476074244,0.0
2020-04-22,46.369999,46.439999,45.959999,46.23,45.278862,9500,45.69675066666655,44.56103680952389,48.17619315999998,53.34785003500001,46.296539306640625,45.18092,0.14393101155229965,0.0,-1.0176773066406284
2020-04-23,46.650002,46.970001,46.119999,46.130001,45.18092,16100,45.569425444444335,44.736447333333416,47.90615845999998,53.30688734000001,46.379276275634766,45.651043,0.540375612900519,1.1983562756347652,0.0
2020-04-24,46.310001,46.610001,46.029999,46.610001,45.651043,4800,45.525895555555444,44.85257923809532,47.64047737999997,53.26687980500001,46.25723648071289,46.268085,-0.7568429772981689,0.6061934807128893,0.0
2020-04-27,47.080002,47.34,47.07,47.240002,46.268085,14100,45.485630555555446,44.912277761904846,47.39587547999998,53.23120855000001,46.31650924682617,46.992859,-1.9548956690853339,0.048424246826172634,0.0
2020-04-28,48.16,48.509998,47.700001,47.98,46.992859,25400,45.695663111110996,45.08111209523818,47.16654579999997,53.19815069000001,46.752601623535156,48.256317,-2.5581458450705306,-0.24025737646484657,0.0
2020-04-29,48.799999,49.470001,48.689999,49.27,48.256317,14300,46.08308077777767,45.28725795238104,46.962873619999975,53.17088081000001,47.27363586425781,47.296478,-4.051885804226082,0.0,0.9826811357421903
2020-04-30,48.790001,48.790001,48.16,48.290001,47.296478,14700,46.17884655555544,45.43323895238104,46.739422079999976,53.13857114500001,47.664634704589844,45.964462,-1.2950223285564912,0.0,-0.3681567045898433
2020-05-01,47.66,47.66,46.84,46.93,45.964462,5700,46.20061188888877,45.59880861904771,46.49903937999998,53.10061189000001,47.821266174316406,46.081989,1.8991395148442498,1.8568041743164088,0.0
2020-05-04,46.790001,47.049999,46.48,47.049999,46.081989,7600,46.330112777777664,45.74478961904771,46.264114299999974,53.062277920000014,47.73267364501953,45.984047,1.4509557056941311,0.0,-1.6506846450195312
2020-05-05,47.43,47.450001,46.950001,46.950001,45.984047,5600,46.408466666666556,45.91875400000009,46.06936843999997,53.022588075000016,47.54104232788086,45.905697,1.2588739409842804,0.0,-1.5569953278808626
2020-05-06,47.049999,47.18,46.869999,46.869999,45.905697,3000,46.48899744444433,45.97658680952391,45.892474139999976,52.98322826000001,47.17083740234375,46.297466,0.641857070113763,1.2651404023437465,0.0
2020-05-07,47.43,47.509998,47.150002,47.27,46.297466,11800,46.56082222222211,46.030688476190576,45.72302679999998,52.944479975000014,46.972930908203125,47.227921,-0.6284516433189721,0.675464908203125,0.0
2020-05-08,48.150002,48.220001,47.75,48.220001,47.227921,31700,46.66747066666655,46.1132400000001,45.60092787999998,52.91158695000001,47.139347076416016,47.120182,-2.2410906287289123,0.0,0.08857392358398641
2020-05-11,47.900002,48.400002,47.639999,48.110001,47.120182,21200,46.68161766666655,46.15101785714295,45.49551023999999,52.88056116000001,47.36489486694336,46.63047,-1.5487551809791846,0.0,-0.24471286694335959
2020-05-12,48.200001,48.32,47.610001,47.610001,46.63047,7300,46.50096799999988,46.179001571428664,45.359520479999986,52.84636501000002,47.50197982788086,45.621666,-0.22688756532296134,0.0,-0.8715098278808568
2020-05-13,47.349998,47.389999,46.549999,46.580002,45.621666,6800,46.31487777777766,46.13096328571438,45.210539539999985,52.80765413000001,47.48882293701172,45.474751,1.9510968183550494,0.0,-1.8671569370117211
2020-05-14,45.599998,46.43,45.040001,46.43,45.474751,8100,46.26046544444432,46.148686380952476,45.03240539999999,52.76994098500001,47.18675994873047,45.347424,1.6298943543624145,0.0,-1.712008948730471
2020-05-15,46.209999,46.310001,45.799999,46.299999,45.347424,6900,46.17884711111098,46.176203809523905,44.88026977999999,52.73438211500001,46.815914154052734,47.394421,1.1142876138134143,1.4684901540527378,0.0
2020-05-18,47.09,48.389999,47.09,48.389999,47.394421,10500,46.33555533333321,46.22191023809533,44.78519149999999,52.70872137500001,46.75351333618164,46.503147,-3.381867529731427,0.0,0.6409076638183606
2020-05-19,47.950001,48.0,47.48,47.48,46.503147,13100,46.40193866666655,46.256889904762005,44.763942939999986,52.68168388500001,46.740360260009766,47.502155,-1.5577922072245816,0.23721326000976717,0.0
2020-05-20,48.32,48.73,48.299999,48.5,47.502155,7700,46.535792999999885,46.38001723809534,44.71684697999999,52.666041260000014,47.02961730957031,47.002655,-3.031716887483892,0.0,0.4725376904296894
2020-05-21,48.18,48.18,47.849998,47.990002,47.002655,2700,46.510763444444336,46.46210261904772,44.710054839999984,52.647179355000006,47.43941116333008,46.650063,-1.147303216761522,0.0,-0.43675616333008094
2020-05-22,47.439999,47.77,47.439999,47.630001,46.650063,6000,46.45852799999989,46.53206180952392,44.79602187999999,52.625447715,47.67532730102539,48.236729,0.09516334258609524,1.0252643010253877,0.0
2020-05-26,49.200001,49.630001,49.110001,49.25,48.236729,14600,46.6370012222221,46.65518971428582,44.85973886,52.608521695,47.97230529785156,49.108418,-2.594303963753173,-0.26442370214843436,0.0
2020-05-27,49.779999,50.18,49.52,50.139999,49.108418,9600,47.02441811111099,46.79044366666677,45.04283664,52.597349574999996,48.364627838134766,49.314095,-3.54082807593442,-0.7437901618652347,0.0
2020-05-28,50.360001,50.720001,50.349998,50.349998,49.314095,2800,47.451011888888765,46.90097871428582,45.195483059999994,52.588023865,48.74692153930664,49.098625,-3.183865986833522,0.0,0.5671734606933612
2020-05-29,50.279999,50.279999,49.73,50.130001,49.098625,3600,47.86781199999987,46.94108861904773,45.40459996,52.577476435,49.136295318603516,50.107433,-1.9822574537680229,0.03767031860351722,0.0
2020-06-01,50.25,51.27,50.25,51.16,50.107433,9800,48.16925777777765,47.07494361904773,45.61505704,52.57731422999999,49.68538284301758,50.959538,-2.8823634812009744,-0.4220501569824222,0.0
2020-06-02,51.639999,52.099998,51.52,52.029999,50.959538,7100,48.66441233333321,47.31280438095249,45.8536247,52.58117193999998,50.13688659667969,52.428669,-3.6385017099852512,-0.8226514033203145,0.0
2020-06-03,52.82,53.529999,52.82,53.529999,52.428669,4600,49.21180277777765,47.61502723809535,46.14778996,52.58963255499999,50.72980499267578,52.07608,-5.231074275424917,0.0,1.698864007324218
2020-06-04,53.290001,53.419998,53.110001,53.169998,52.07608,11100,49.77551666666654,47.90512404761916,46.359365579999995,52.59459795499999,51.26169204711914,53.290565,-3.589065308749605,-0.8143879528808569,0.0
2020-06-05,54.459999,54.880001,54.41,54.41,53.290565,5100,50.5133502222221,48.256784428571535,46.56093141999999,52.60650192499998,52.0522575378418,54.152462,-4.333288847929057,-1.238307462158204,0.0
2020-06-08,54.849998,55.310001,54.720001,55.290001,54.152462,6300,51.170653888888765,48.63083185714296,46.74369233999999,52.62030942999999,52.82573699951172,53.31995,-4.456979482580002,0.0,1.3267250004882811
2020-06-09,54.509998,54.529999,54.099998,54.439999,53.31995,5600,51.63860188888876,48.92092847619059,46.94114457999999,52.631012994999985,53.28268051147461,53.192627,-2.125860598427621,0.0,0.03726948852538925
2020-06-10,54.27,54.360001,54.119999,54.310001,53.192627,4000,52.06954988888876,49.210092523809635,47.12645203999998,52.64449634999998,53.48210144042969,50.313114,-1.5243961412748128,0.0,-0.28947444042968584
2020-06-11,52.880001,52.880001,51.259998,51.369999,50.313114,8300,52.20449311111098,49.38545652380964,47.24809677999999,52.64223484499998,53.26242446899414,51.086861,3.683911827590537,2.949310468994142,0.0
2020-06-12,52.48,52.52,51.619999,52.16,51.086861,4700,52.31331844444431,49.645703904762016,47.42008402,52.64254284499998,52.82840347290039,50.999912,1.2814483759593445,0.0,-1.7415424729003917
2020-06-15,50.639999,51.919998,50.639999,51.619999,50.999912,4300,52.317804444444306,49.908806809523924,47.5797545,52.64304167499998,52.15359878540039,51.563068,1.0337074694642878,1.1536867854003887,0.0
2020-06-16,52.959999,53.0,52.189999,52.189999,51.563068,3700,52.22162655555542,50.20478985714296,47.76439996,52.64476833999997,51.846221923828125,51.908863,-0.65870297520388,0.28315392382812377,0.0
2020-06-17,52.880001,53.0,52.540001,52.540001,51.908863,6200,52.20304688888875,50.41976328571439,47.90875306,52.64697288999998,51.63153839111328,51.691505,-1.7290875363453369,0.0,0.2773246088867154
2020-06-18,52.099998,52.630001,52.099998,52.32,51.691505,12700,52.02537355555541,50.66682795238106,48.03935654,52.64828311999998,51.67631530761719,51.484028,-1.2302841979793822,0.0,0.01518969238281187
2020-06-19,53.09,53.09,52.110001,52.110001,51.484028,5100,51.72888088888874,50.85644095238107,48.15915032,52.64509141999998,51.77661895751953,51.770546,-0.639765949113042,0.2925909575195291,0.0
2020-06-22,52.150002,52.740002,52.150002,52.400002,51.770546,9900,51.55672488888874,51.083483380952494,48.26802430000001,52.640589524999974,51.977970123291016,52.155861,-0.8054043141238525,0.20742412329101256,0.0
2020-06-23,53.290001,53.290001,52.790001,52.790001,52.155861,5800,51.441528666666514,51.345664238095345,48.39028528000001,52.637196179999975,52.052188873291016,51.019672,-1.397636129442356,0.0,0.10367212670898596
2020-06-24,52.18,52.380001,51.630001,51.639999,51.019672,4200,51.52003511111096,51.47818533333344,48.47806932,52.62778506999997,51.91910171508789,51.385231,0.5404777701252231,0.8994297150878907,0.0
2020-06-25,51.810001,52.150002,51.43,52.009998,51.385231,9800,51.553187333333184,51.586605000000105,48.603722620000006,52.620538574999976,51.84024429321289,50.387363,-0.32638668201277843,0.0,-0.4550132932128932
2020-06-26,51.849998,51.849998,51.0,51.0,50.387363,8800,51.48512633333319,51.63771300000011,48.716078720000006,52.606907304999964,51.62027359008789,50.960396,1.2162227256625306,1.23291059008789,0.0
2020-06-29,51.150002,51.619999,51.150002,51.580002,50.960396,1900,51.418162777777646,51.726368761904865,48.80659492000001,52.593494639999975,51.42974090576172,50.792439,-0.2913165731135133,0.0,-0.46934490576171584
2020-06-30,51.509998,51.740002,51.259998,51.41,50.792439,63200,51.294115666666535,51.7589880952382,48.90707222,52.57861669499997,51.19271469116211,51.197514,-0.42265183590330135,0.4002756911621077,0.0
2020-07-01,51.389999,51.889999,51.389999,51.82,51.197514,1500,51.23922777777764,51.77032028571439,49.03269287999999,52.56759258499997,51.11527633666992,51.770546,-1.3599453171170945,-0.08223766333007632,0.0
2020-07-02,52.73,52.98,52.130001,52.400002,51.770546,27500,51.27106311111097,51.7389810952382,49.162526559999996,52.55808629999998,51.258888244628906,52.639973,-2.177697923315145,-0.5116577553710968,0.0
2020-07-06,53.040001,53.369999,53.040001,53.279999,52.639973,3400,51.367666111110964,51.765833142857254,49.31170762,52.55427448499998,51.56071853637695,51.385231,-3.22687780760477,0.0,1.0792544636230446
2020-07-07,52.84,53.0,52.009998,52.009998,51.385231,15700,51.28204055555541,51.67510295238106,49.426391380000005,52.542937889999976,51.764892578125,52.07682,-0.47126597058320024,0.37966157812500256,0.0
2020-07-08,52.66,52.799999,52.610001,52.709999,52.07682,10500,51.399501444444304,51.576262857142964,49.54256608000001,52.535396059999975,51.98482131958008,51.661869,-1.375787695271869,0.0,0.09199868041991976
2020-07-09,52.099998,52.349998,51.970001,52.290001,51.661869,1900,51.430238999999865,51.49730661904772,49.635946280000006,52.52650127499997,52.065093994140625,52.0867,-0.4301147476730239,0.4032249941406221,0.0
2020-07-10,52.200001,52.779999,52.16,52.720001,52.0867,4300,51.61905422222208,51.44464342857154,49.71255394000001,52.51979348999998,52.02614212036133,51.918743,-1.316120763424635,0.0,0.06055787963867232
2020-07-13,53.02,53.299999,52.529999,52.549999,51.918743,2800,51.72553722222208,51.52110195238106,49.80499924000001,52.51282624999997,51.97408676147461,52.620213,-1.095931968572236,0.055343761474610176,0.0
2020-07-14,52.799999,53.400002,52.799999,53.259998,52.620213,12900,51.92862322222208,51.59411871428582,49.93811426000001,52.50839916499997,52.075164794921875,53.390846,-2.2246211970907845,-0.5450482050781247,0.0
2020-07-15,54.34,54.34,53.939999,54.040001,53.390846,7300,52.17232677777763,51.707972714285816,50.08429140000001,52.50845394499997,52.35606384277344,53.054932,-3.116093867626981,0.0,1.0347821572265659
2020-07-16,53.779999,54.060001,53.57,53.700001,53.054932,7100,52.315036333333175,51.779013857142964,50.22570910000001,52.50600700999997,52.651119232177734,53.282166,-1.9532248571508704,-0.4038127678222665,0.0
2020-07-17,53.779999,53.93,53.779999,53.93,53.282166,1700,52.38639111111095,51.84440923809535,50.37323848000001,52.50687246999997,52.90215301513672,53.41060600000001,-1.90589094170829,-0.38001298486327784,0.0
2020-07-20,53.939999,54.25,53.939999,54.060001,53.41060600000001,6800,52.61143277777762,51.9262711904763,50.51550128000001,52.51307106499997,53.10407257080078,54.161476,-1.768273051269863,-0.3065334291992272,0.0
2020-07-21,54.66,54.889999,54.599998,54.82,54.161476,4300,52.84306122222207,52.053768714285816,50.654172380000006,52.52215353499996,53.39250946044922,54.052795,-2.6039593935621697,0.0,0.7689665395507816
2020-07-22,54.650002,54.759998,54.5,54.709999,54.052795,7500,53.1087196666665,52.162447238095346,50.792824640000006,52.52808113499996,53.48899841308594,53.578564,-2.231768614936487,0.0,0.5637965869140658
2020-07-23,54.610001,54.75,54.150002,54.23,53.578564,3400,53.27448233333317,52.23019500000011,50.93178652,52.53115396999995,53.60847091674805,53.420486,-1.1460982541986908,0.0,-0.029906916748046797
2020-07-24,54.27,54.27,54.0,54.07,53.420486,2700,53.44134266666651,52.344519476190584,51.08776292,52.534500334999954,53.66001892089844,54.13184,-0.7582413151499219,0.2395329208984407,0.0
2020-07-27,54.349998,54.959999,54.349998,54.790001,54.13184,8400,53.60930122222206,52.47531038095249,51.2609047,52.54043626999996,53.747528076171875,54.003399,-1.902670021539371,0.0,0.38431192382812185
2020-07-28,54.73,54.799999,54.59,54.66,54.003399,2200,53.677362666666504,52.647502571428674,51.4340242,52.54505298999995,53.74250030517578,54.230633,-1.6785578024592307,-0.26089869482422046,0.0
2020-07-29,54.75,55.040001,54.689999,54.889999,54.230633,6100,53.80799611111095,52.80322814285724,51.57074844000001,52.54640508999994,53.78267288208008,53.707001,-2.017354961001047,0.0,0.4479601179199193
2020-07-30,54.07,54.360001,53.889999,54.360001,53.707001,4200,53.85519999999983,52.942016809523906,51.71482552000001,52.54475214499995,53.735103607177734,52.817814,-1.1495536816164933,0.0,-0.02810260717773616
2020-07-31,53.720001,53.720001,53.25,53.459999,52.817814,5000,53.78933422222206,53.01917395238105,51.82113870000001,52.536041819999944,53.614501953125,53.351326,0.2890066517303837,0.7966879531250015,0.0
2020-08-03,53.84,54.139999,53.84,54.0,53.351326,8500,53.69931755555539,53.09444919047629,51.94811212000001,52.52927364999995,53.49480438232422,53.48964300000001,-0.9355474401403355,0.1434783823242185,0.0
2020-08-04,53.959999,54.25,53.810001,54.139999,53.48964300000001,6700,53.63674511111095,53.13490966666677,52.084903720000014,52.52363230499996,53.37290954589844,53.874954,-1.416862704599543,-0.11673345410157054,0.0
2020-08-05,54.77,54.919998,54.509998,54.529999,53.874954,3900,53.66967733333317,53.253467904762005,52.197668220000004,52.520207679999956,53.35744094848633,54.052795,-2.150299051928588,-0.5175130515136743,0.0
2020-08-06,54.689999,54.82,54.490002,54.709999,54.052795,11400,53.73993388888872,53.34756195238106,52.29655576000001,52.516366544999954,53.46866226196289,53.914478,-2.2689394273926284,0.0,0.5841327380371126
2020-08-07,54.349998,54.82,54.25,54.57,53.914478,5500,53.71578255555539,53.45482904761915,52.38856342000001,52.51202726999996,53.629913330078125,54.181236,-1.7227170055376126,-0.28456466992187757,0.0
2020-08-10,54.889999,54.970001,54.52,54.84,54.181236,5100,53.73554222222206,53.55456885714295,52.49021564,52.50829633999996,53.781715393066406,54.774025,-1.9297677004624307,-0.39952060693359215,0.0
2020-08-11,55.68,55.990002,55.43,55.439999,54.774025,3700,53.79591911111095,53.69053466666676,52.58354748000001,52.50665889999996,54.05668640136719,55.63357500000001,-2.4951526399428916,-0.7173385986328142,0.0
2020-08-12,56.310001,56.509998,56.189999,56.310001,55.633575,12100,54.00998288888872,53.834028095238196,52.677028220000004,52.50869052999997,54.357479095458984,55.406342,-3.4674513760726366,0.0,1.276095904541016
2020-08-13,56.439999,56.439999,55.990002,56.080002,55.406342,7200,54.297597111110946,53.93000409523819,52.73658168000001,52.50900566499997,54.64999008178711,55.12970399999999,-2.549949834546887,0.0,0.7563519182128928
2020-08-14,55.84,55.970001,55.720001,55.799999,55.129704,3800,54.49519466666649,54.028802761904856,52.79765416000001,52.50716383499997,54.88823699951172,55.63357500000001,-1.6339821090109354,-0.24146700048827796,0.0
2020-08-17,56.330002,56.41,56.169998,56.310001,55.633575,5000,54.73340933333316,54.14077461904772,52.84451436000001,52.506970904999974,55.13716506958008,55.762012000000006,-2.0828199424466742,-0.4964099304199223,0.0
2020-08-18,56.619999,56.650002,56.27,56.439999,55.762012,2300,54.94308244444427,54.252746333333434,52.87670536000002,52.50853242999997,55.2760124206543,55.742252,-2.062343373439293,0.0,0.4859995793457017
2020-08-19,56.709999,56.790001,56.279999,56.419998,55.742252,8000,55.13079988888872,54.32802138095248,52.92515140000001,52.50699681999997,55.32433319091797,55.27790100000001,-1.9419795248522178,0.0,0.41791880908203183
2020-08-20,55.619999,56.259998,55.619999,55.950001,55.277901,4600,55.282291333333156,54.386359761904856,52.966856880000016,52.50062474999996,55.25785446166992,55.27790100000001,-1.2370804753516955,-0.02004653833007808,0.0
2020-08-21,55.5,55.959999,55.450001,55.950001,55.277901,11500,55.40414299999983,54.46728057142867,53.06615262000001,52.49372070499996,55.227394104003906,55.890453,-1.2915225792330085,-0.050506895996093704,0.0
2020-08-24,56.540001,56.73,56.439999,56.57,55.890453,6000,55.528190555555376,54.58489804761914,53.16222446000002,52.48963760499996,55.26548385620117,56.038653999999994,-2.306021113308871,-0.624969143798829,0.0
2020-08-25,56.919998,57.060001,56.529999,56.720001,56.038654,5000,55.57319933333316,54.67569871428581,53.26299930000001,52.48523162999996,55.3208122253418,56.354808999999996,-2.466834890673233,-0.7178417746582042,0.0
2020-08-26,56.810001,57.16,56.77,57.040001,56.354809,6300,55.678584555555375,54.78767061904771,53.35883412000001,52.48153594999996,55.40119171142578,56.13744700000001,-2.873087762698699,0.0,0.9536172885742218
2020-08-27,56.919998,57.07,56.639999,56.82,56.137447,8200,55.79055599999982,54.87847128571438,53.44340580000001,52.47946160999995,55.58671951293945,56.39432900000001,-2.170504201092128,-0.5507274870605485,0.0
2020-08-28,57.32,57.32,56.779999,57.080002,56.394329000000006,9100,55.87508422222204,55.006439285714386,53.53746228000002,52.478913454999955,55.83219909667969,56.058414,-2.186059669935388,0.0,0.5621299033203186
2020-08-31,57.099998,57.099998,56.5,56.740002,56.058414,236400,55.908017777777594,55.16075357142867,53.628950000000025,52.47697590999996,56.026458740234375,55.68298000000001,-1.2575665044312512,0.0,0.03195525976562408
2020-09-01,56.360001,56.57,56.150002,56.360001,55.68298000000001,4500,55.90143199999982,55.27178471428582,53.70719868000002,52.473693134999955,55.918304443359375,56.493126,-0.7837057288920594,0.2353244433593673,0.0
2020-09-02,56.720001,57.259998,56.709999,57.18,56.493126,15200,56.03645699999982,55.414807714285814,53.793943980000016,52.472913599999956,55.889408111572266,55.32730099999999,-2.257068710086978,0.0,0.603717888427731
2020-09-03,56.93,56.93,55.860001,56.0,55.327301,9800,56.041945888888705,55.48396709523821,53.88009656000001,52.465772944999955,55.77397155761719,55.574299,-0.40362221854073665,0.446670557617189,0.0
2020-09-04,56.279999,56.279999,55.450001,56.25,55.574299,7300,56.00681766666649,55.55641966666678,53.96387792,52.45928694999995,55.540000915527344,54.902466,-1.2622205946180556,0.0,0.034298084472659696
2020-09-08,55.669998,56.049999,55.419998,55.57,54.902466,12400,55.880574555555384,55.60346671428583,54.05417998000001,52.45171471999995,55.34291076660156,55.99913000000001,-0.4086543699809929,0.4404447666015656,0.0
2020-09-09,56.259998,56.830002,56.220001,56.68,55.99913000000001,9300,55.841054666666494,55.69003309523821,54.154954660000016,52.44977089999995,55.349727630615234,55.14946400000001,-2.3469872430923875,0.0,0.6494023693847737
2020-09-10,56.450001,56.450001,55.790001,55.82,55.149464,5500,55.731278777777604,55.70791114285727,54.24209516000002,52.44333695499995,55.21949768066406,55.445858,-1.0757834456036148,0.07003368066406068,0.0
2020-09-11,56.380001,56.380001,56.119999,56.119999,55.445858,3000,55.62589311111093,55.69897223809536,54.327062040000015,52.43572516499995,55.1835823059082,55.94973400000001,-1.668597132533443,-0.2622756940917981,0.0
2020-09-14,56.689999,56.84,56.59,56.630001,55.949734,21600,55.61381755555538,55.724848047619176,54.41064580000001,52.43053605499995,55.304019927978516,56.107811000000005,-2.341481632715289,-0.6457140720214838,0.0
2020-09-15,56.869999,56.93,56.790001,56.790001,56.107811,4400,55.66102099999982,55.7714245714287,54.48000256000001,52.42691109999994,55.49954605102539,56.226368000000015,-2.272327744763741,-0.6082649489746075,0.0
2020-09-16,57.040001,57.290001,56.779999,56.91,56.22636800000001,8400,55.631381222222046,55.79965280952394,54.57682530000001,52.42591004499994,55.6023063659668,56.216491999999995,-2.297827506647689,0.0,0.624061634033211
2020-09-17,56.18,56.950001,56.18,56.900002,56.216492,7600,55.730180222222046,55.821294714285855,54.659618740000006,52.42679400499994,55.663055419921875,55.69285600000001,-2.1738954949037184,0.0,0.5534365800781273
2020-09-18,56.560001,56.560001,56.240002,56.369999,55.692856000000006,3200,55.743353222222055,55.81894252380967,54.74023848000001,52.426026984999936,55.68049621582031,53.983635,-1.2231733127752715,0.0,0.012359784179693634
2020-09-21,54.740002,55.740002,54.189999,54.639999,53.983635,15500,55.64126088888872,55.75731080952396,54.778177180000014,52.41303849499994,55.348175048828125,54.062679,1.2960762477834633,1.3645400488281254,0.0
2020-09-22,54.73,54.779999,54.18,54.720001,54.062679,28000,55.426099666666495,55.69944309523825,54.82105590000001,52.401073924999935,54.955589294433594,53.25093100000001,0.4305341559361271,0.0,-0.8929102944335909
2020-09-23,54.490002,54.59,53.529999,53.529999,53.25093100000001,11100,55.21515155555539,55.57375157142873,54.833670260000005,52.383841604999944,54.446006774902344,53.36035500000001,1.711204543273665,1.1950757749023353,0.0
2020-09-24,53.509998,54.060001,53.509998,53.639999,53.36035500000001,1900,54.98342899999983,55.44621352380969,54.83306044000001,52.36855881999995,53.94988250732422,53.54937,0.5777097559681454,0.5895275073242061,0.0
2020-09-25,53.27,53.98,53.27,53.830002,53.54937,3900,54.71672188888872,55.31262119047636,54.842949200000014,52.35407605499995,53.462806701660156,54.444675,-0.6821387417742323,-0.086563298339847,0.0
2020-09-28,54.650002,55.099998,54.560001,54.73,54.444675,10400,54.53192899999984,55.23201300000016,54.86619938000002,52.340587874999954,53.46080780029297,54.53420600000001,-2.3190063944948442,-0.9838671997070279,0.0
2020-09-29,54.880001,55.290001,54.52,54.82,54.53420600000001,2800,54.34391099999985,55.14343571428588,54.88867138000001,52.32561295499996,53.533172607421875,54.335247,-2.3473684651187985,0.0,1.0010333925781367
2020-09-30,54.630001,54.91,54.41,54.619999,54.335247,6600,54.13488377777762,55.0613801428573,54.892146800000006,52.30712849499996,53.64612579345703,54.404881,-1.7829974814590692,-0.6891212065429713,0.0
2020-10-01,54.919998,54.919998,54.619999,54.689999,54.404881,3200,53.99177544444429,55.00051828571444,54.89918852000001,52.286613434999964,53.84878921508789,54.494411,-1.5381418911931404,-0.5560917849121125,0.0
2020-10-02,53.919998,54.91,53.919998,54.779999,54.494411,8700,54.04852833333318,54.90534138095253,54.91750546000001,52.26795385999996,53.97373580932617,55.220608,-1.4718203822417462,-0.5206751906738276,0.0
2020-10-05,55.540001,55.639999,55.25,55.509998,55.220608,5100,54.17718711111096,54.90026076190491,54.95350790000001,52.253265099999965,54.10185623168945,54.772957,-2.5367353973072557,0.0,1.1187517683105455
2020-10-06,55.630001,55.779999,54.959999,55.060001,54.772957,9800,54.34630111111096,54.862101619047756,54.96633024000002,52.23497879499996,54.1997184753418,55.47925200000001,-1.5624455303918408,-0.5732385246582012,0.0
2020-10-07,55.509998,55.880001,55.509998,55.77,55.479252,13900,54.581734111110954,54.88956761904776,54.995847300000015,52.220952189999956,54.38991928100586,55.916958,-2.4745933638051705,-1.089332718994143,0.0
2020-10-08,56.110001,56.43,56.0,56.209999,55.916958,2600,54.84479944444429,54.88565466666681,55.02957380000001,52.20872570499995,54.637516021728516,56.14576,-2.797514688216749,-1.2794419782714854,0.0
2020-10-09,56.549999,56.549999,56.400002,56.439999,56.14576,2300,55.033808888888736,54.93309733333348,55.07834898,52.19778887499995,55.007110595703125,56.623257,-2.5387817676908098,-1.1386494042968778,0.0
2020-10-12,56.759998,56.990002,56.68,56.919998,56.623257,6300,55.26592566666651,54.9891639523811,55.154457840000006,52.18788023999995,55.249847412109375,55.976646,-2.934207038957775,0.0,1.3734095878906274
2020-10-13,56.450001,56.450001,56.0,56.27,55.976646,3900,55.44830333333318,54.99044547619062,55.206964240000005,52.17347635999995,55.408145904541016,55.827427,-1.531640475313644,0.0,0.5685000954589867
2020-10-14,56.509998,56.529999,56.029999,56.119999,55.827427,7600,55.60636399999985,54.977093857143,55.25371992000001,52.16279263499995,55.51899719238281,55.051494999999996,-1.0709226983720856,0.0,0.30842980761718763
2020-10-15,55.560001,55.560001,55.060001,55.34,55.051495,21800,55.66826222222207,54.92114752380966,55.27725074000002,52.14512228999995,55.385440826416016,55.051494999999996,0.08211208242864512,0.0,-0.3339458264160129
2020-10-16,55.599998,55.849998,55.310001,55.34,55.051495,27500,55.64947188888875,54.865671476190606,55.29722474000002,52.124539174999946,55.216514587402344,55.001755,-0.22313952402902,0.0,-0.16501958740234102
2020-10-19,55.869999,55.869999,55.049999,55.290001,55.001755,13200,55.67489388888875,54.83276190476202,55.31897028000002,52.10715412999994,54.994224548339844,55.280296,-0.5349546867618123,-0.007530451660159088,0.0
2020-10-20,55.700001,55.700001,55.57,55.57,55.28029599999999,1400,55.652787666666526,54.89450766666678,55.34095148000002,52.09184143999995,54.870059967041016,55.111183,-1.2595645725373128,0.0,0.41023603295897715
2020-10-21,55.650002,55.689999,55.380001,55.400002,55.111183,1700,55.56325711111097,54.944436428571535,55.347694640000014,52.076265724999956,54.73586654663086,55.30019,-1.198800414067027,-0.37531645336913755,0.0
2020-10-22,55.16,55.59,55.09,55.59,55.30019,9900,55.46930488888875,55.04202019047629,55.34102694000002,52.060858334999956,54.722347259521484,55.62846800000001,-1.5608072323772604,-0.5778427404785162,0.0
2020-10-23,56.040001,56.040001,55.689999,55.919998,55.62846800000001,23400,55.35877277777764,55.15002557142868,55.34546946000001,52.04602431499996,54.801353454589844,54.474518,-2.0004373845116303,0.0,0.8271145454101685
2020-10-26,55.240002,55.330002,54.650002,54.759998,54.474518,3500,55.19186966666653,55.194080238095346,55.332365740000014,52.025663274999964,54.70259475708008,53.927383,-0.1048269631418265,0.0,-0.2280767570800748
2020-10-27,54.57,54.57,54.200001,54.209999,53.927383,1700,54.98075366666653,55.1694472857144,55.29824190000002,52.00144997999996,54.47814178466797,52.325779,0.4946371326588022,0.0,-0.5507587846679698
2020-10-28,52.939999,52.939999,52.5,52.599998,52.325779,10000,54.677896333333194,55.0642840952382,55.229517240000014,51.968209204999965,53.9765739440918,52.425259,2.6170646320020725,1.6507949440917997,0.0
2020-10-29,52.470001,52.849998,52.25,52.700001,52.425259,16100,54.3860923333332,54.9733322857144,55.163177380000015,51.93629111999997,53.462493896484375,52.047237,1.4468555635973797,0.0,-1.037234896484378
2020-10-30,52.349998,52.369999,52.099998,52.32,52.047237,10200,54.05781255555543,54.86106352380964,55.09856410000002,51.900929444999974,52.817142486572266,52.84306700000001,0.9501958841213023,0.769905486572263,0.0
2020-11-02,52.990002,53.27,52.759998,53.119999,52.84306700000001,9900,53.7870093333332,54.78242809523822,55.04986742000002,51.86935271499998,52.4649658203125,54.275562,-1.2331197138906196,-0.378101179687512,0.0
2020-11-03,54.369999,54.779999,54.25,54.560001,54.275562,3400,53.69416255555544,54.73742590476203,55.017569600000016,51.84649193999998,52.497615814208984,54.802799,-3.7800314296017246,-1.7779461857910164,0.0
2020-11-04,54.919998,55.560001,54.919998,55.09,54.802799,5000,53.63889688888877,54.73884695238108,54.99285250000002,51.82718977999997,52.92736053466797,55.817482000000005,-3.9256479675658644,-1.8754384653320315,0.0
2020-11-05,56.02,56.330002,55.919998,56.110001,55.817482,4700,53.65989844444433,54.75495314285726,54.98210596000002,51.81271824999997,53.574317932128906,56.165653,-4.519128538014267,-2.243164067871092,0.0
2020-11-06,56.380001,56.5,56.259998,56.459999,56.165653000000006,6800,53.84780233333322,54.76679576190488,54.98267008000002,51.80183234499997,54.307655334472656,58.145283000000006,-3.812156754603108,-1.8579976655273498,0.0
2020-11-09,57.759998,58.599998,57.759998,58.450001,58.145283,10100,54.31645788888877,54.86201114285726,55.01768916000001,51.80560212499998,55.19611740112305,58.901318,-5.566952169730422,-2.9491655988769523,0.0
2020-11-10,58.450001,59.34,58.450001,59.209999,58.901318,9700,55.04707333333321,54.97049023809535,55.07454724000001,51.81116166499998,55.96672439575195,59.339027,-5.477579224833376,-2.9345936042480503,0.0
2020-11-11,59.639999,59.650002,59.48,59.650002,59.339027,4900,55.81526977777766,55.13060361904773,55.14766818000001,51.81847283499999,56.75510025024414,58.374084,-4.853146106777767,0.0,2.583926749755861
2020-11-12,59.110001,59.110001,58.459999,58.68,58.374084,3000,56.51825277777766,55.25187300000012,55.185287340000016,51.820813664999974,57.23969650268555,58.86152599999999,-2.4545049374820262,-1.1343874973144565,0.0
2020-11-13,59.23,59.27,59.009998,59.169998,58.861526,4200,57.18697044444433,55.43330304761916,55.25597184000002,51.830349239999975,57.69612503051758,59.488243,-2.4909126572598863,-1.1654009694824197,0.0
2020-11-16,59.759998,59.799999,59.68,59.799999,59.488243,3900,57.766157222222105,55.64457676190488,55.33425072000002,51.842581464999974,57.97108840942383,59.717045,-3.0583789651504367,-1.517154590576169,0.0
2020-11-17,59.869999,60.099998,59.849998,60.029999,59.717045,7100,58.31218455555543,55.8691143809525,55.43054230000001,51.85197692999997,58.16484069824219,59.916000000000004,-3.107043699530645,-1.5522043017578113,0.0
2020-11-18,60.200001,60.529999,60.200001,60.23,59.916000000000004,5400,58.76757544444432,56.08986219047632,55.508879700000016,51.859308754999965,58.29612350463867,59.846367,-3.2108193514217587,0.0,1.619876495361332
2020-11-19,59.720001,60.299999,59.720001,60.16,59.846367,5700,59.17654366666654,56.31534714285728,55.602817760000015,51.86570985499997,58.48017120361328,59.786678,-2.792268611015152,0.0,1.3661957963867195
2020-11-20,60.02,60.349998,59.740002,60.099998,59.786678,14200,59.358920888888775,56.52898942857156,55.68963416000001,51.87224942499997,58.62594985961914,60.12490500000001,-2.4526592170283577,-1.1607281403808614,0.0
2020-11-23,60.299999,60.560001,60.130001,60.439999,60.12490500000001,3800,59.494874999999894,56.7431054761906,55.77313758000002,51.88062577499997,58.721961975097656,60.851101,-2.842549724235343,-1.4029430249023562,0.0
2020-11-24,60.880001,61.310001,60.799999,61.169998,60.851101,15200,59.66288322222211,57.046752285714405,55.868003380000026,51.89146800499997,58.90912628173828,60.880947,-3.6960467421655276,-1.9419747182617186,0.0
2020-11-25,61.07,61.220001,61.040001,61.200001,60.880947,16100,59.94142355555544,57.377874380952505,55.961094960000025,51.90119725499997,59.06917953491211,61.04011200000001,-3.4817343631871687,-1.8117674650878897,0.0
2020-11-27,61.209999,61.52,61.209999,61.360001,61.040112,1600,60.18348866666655,57.79284261904774,56.05756736000003,51.91390691499997,59.299503326416016,60.085117,-3.358047001309503,0.0,1.740608673583985
2020-11-30,61.099998,61.209999,60.330002,60.400002,60.085117,5000,60.24980799999988,58.15759776190488,56.14541258000003,51.92203578499997,59.41753387451172,61.169433999999995,-1.6266028029076587,-0.667583125488278,0.0
2020-12-01,61.259998,61.540001,61.18,61.490002,61.169434,4700,60.41118455555544,58.591988095238214,56.28912856000002,51.93568332499997,59.57557678222656,61.219173,-3.113392674427681,-1.59385721777344,0.0
2020-12-02,61.360001,61.59,61.360001,61.540001,61.219173,4500,60.55598155555543,58.9908502857144,56.43225844000003,51.94943391499997,59.64835739135742,61.298756000000004,-3.07384396799502,-1.570815608642576,0.0
2020-12-03,61.73,61.950001,61.619999,61.619999,61.298756,4600,60.71735811111099,59.32528809523821,56.593214940000024,51.96600970999997,59.753543853759766,61.84588600000001,-3.02897626830574,-1.5452121462402317,0.0
2020-12-04,62.110001,62.369999,62.009998,62.169998,61.845886,13900,60.94615899999987,59.6606731904763,56.76292556000003,51.98609792499997,59.913536071777344,61.617085,-3.629502977019005,0.0,1.9323499282226564
2020-12-07,62.0,62.209999,61.849998,61.939999,61.617085,16200,61.111956777777635,59.93684476190488,56.92427986000003,52.015576649999964,60.11779022216797,61.796145999999986,-2.941893456976051,-1.4992947778320342,0.0
2020-12-08,61.93,62.220001,61.93,62.119999,61.79614599999999,6800,61.21696177777764,60.204963476190585,57.07130928000002,52.050805319999974,60.23346710205078,61.875732,-3.0369155317423924,-1.5626788979492119,0.0
2020-12-09,62.599998,62.599998,61.93,62.200001,61.87573199999999,5800,61.32749344444431,60.382603904762014,57.218139800000024,52.08633481499997,60.37884521484375,62.223907,-2.9279031444971366,-1.4968867851562422,0.0
2020-12-10,62.080002,62.610001,62.080002,62.549999,62.223907,7900,61.45902622222208,60.54082242857154,57.375913000000025,52.130790014999974,60.471031188964844,62.015003,-3.323689599155958,0.0,1.7528758110351532
2020-12-11,62.080002,62.5,62.080002,62.34,62.015003,39400,61.673457999999854,60.66824985714297,57.52811544000003,52.17890970999998,60.50563049316406,61.540001,-2.9425240725632675,0.0,1.5093725068359376
2020-12-14,62.18,62.259998,61.540001,61.540001,61.540001,137700,61.71463211111096,60.819007809523924,57.66902724000002,52.219459924999974,60.57342529296875,62.279999000000004,-1.5706462322469683,-0.9665757070312466,0.0
2020-12-15,62.009998,62.470001,61.990002,62.279999,62.279999,5700,61.832501666666516,60.98179223809536,57.81021506000002,52.26550635499998,60.58448791503906,62.799999,-2.7224006297124927,-1.695511084960934,0.0
2020-12-16,62.509998,62.84,62.41,62.799999,62.799999,5000,61.99930644444429,61.13949490476203,57.970755900000015,52.30759905999999,60.61820602416992,62.939999,-3.4741926919936383,-2.181792975830078,0.0
2020-12-17,62.860001,63.110001,62.82,62.939999,62.939999,111300,62.12087455555541,61.29296890476202,58.119970840000015,52.35752802999998,60.77513122558594,62.490002,-3.4395738938827485,0.0,2.1648677744140628
2020-12-18,62.75,62.91,62.220001,62.490002,62.490002,11200,62.217865333333194,61.415540428571546,58.25143172000002,52.40923636499999,60.821414947509766,61.84000000000001,-2.6701664251670714,0.0,1.6685870524902313
2020-12-21,61.139999,62.139999,61.139999,61.84,61.84,10000,62.22273799999986,61.510475333333446,58.36531652000002,52.48060848999999,60.743038177490234,61.830002,-1.7738709937091997,0.0,1.096961822509769
2020-12-22,61.75,61.830002,61.560001,61.830002,61.830002,5900,62.217656888888754,61.60777647619059,58.46945142000002,52.540473734999985,60.639102935791016,62.349998,-1.9260860839192353,-1.1908990642089847,0.0
2020-12-23,62.16,62.610001,62.16,62.349998,62.349998,38600,62.23166699999987,61.71373328571438,58.596918460000026,52.61551241499998,60.57197952270508,62.32,-2.851673671737602,0.0,1.7780184772949212
2020-12-24,62.32,62.439999,62.23,62.32,62.32,9800,62.26555555555543,61.783680857142954,58.726769920000024,52.715353859999986,60.48170852661133,63.38000100000001,-2.9497616710344547,-1.8382914733886722,0.0
2020-12-28,62.799999,66.889999,62.540001,63.380001,63.380001,14500,62.46999999999988,61.90268342857152,58.89334004000002,52.80699946499998,60.68003845214844,63.41,-4.259959774774321,-2.6999625478515625,0.0
2020-12-29,63.540001,63.549999,63.299999,63.41,63.41,11700,62.59555566666654,62.01553523809534,59.06051014000001,52.924281819999976,61.019447326660156,63.65000199999999,-3.769993176691122,-2.3905526733398403,0.0
2020-12-30,63.68,63.77,63.32,63.650002,63.650002,6800,62.69000044444432,62.18529166666677,59.233475080000005,53.034122959999976,61.32939147949219,63.099998,-3.6458922978632633,0.0,2.320610520507813
2020-12-31,63.189999,63.709999,63.009998,63.099998,63.099998,16700,62.70777811111098,62.277223285714385,59.389869120000014,53.15640904999997,61.49372482299805,63.540001000000004,-2.5455994103232022,-1.6062731770019525,0.0
2021-01-04,63.91,64.57,63.310001,63.540001,63.540001,36600,62.82444466666654,62.38773890476201,59.55844548000001,53.27618615999997,61.73833465576172,64.199997,-2.835483657355117,-1.8016663442382779,0.0
2021-01-05,63.709999,64.269997,63.400002,64.199997,64.199997,38900,63.086666555555425,62.52589323809535,59.736441620000015,53.40203036999996,61.77251052856445,64.559998,-3.781131752133171,-2.427486471435543,0.0
2021-01-06,63.810001,66.519997,63.810001,64.559998,64.559998,157100,63.38999944444431,62.65513666666677,59.91507222000002,53.536228329999965,62.03276062011719,64.449997,-3.9145561619794442,0.0,2.5272373798828056
2021-01-07,64.43,64.66999799999999,64.230003,64.449997,64.449997,314200,63.62333266666652,62.79003723809534,60.114581800000025,53.650991819999966,62.3272705078125,65.010002,-3.2936021582553314,-2.122726492187496,0.0
2021-01-08,64.970001,65.010002,64.470001,65.010002,65.010002,19500,63.92222177777762,62.9430780000001,60.33623418000002,53.75998046499997,62.53532791137695,64.510002,-3.8066051568850083,0.0,2.474674088623047
2021-01-11,64.529999,64.66999799999999,64.43,64.510002,64.510002,34200,64.04777744444429,63.06851942857153,60.579918640000024,53.85745839499997,62.594058990478516,64.730003,-2.9699937220920942,-1.9159430095214844,0.0
2021-01-12,64.33000200000001,64.860001,64.33000200000001,64.730003,64.730003,21900,64.19444444444429,63.187857333333426,60.826013520000025,53.96387171999998,62.620758056640625,64.58000200000001,-3.258527492049354,0.0,2.1092449433593714
2021-01-13,64.440002,64.769997,64.440002,64.58000200000001,64.58000200000001,56500,64.29777777777764,63.310000142857234,61.07666882000002,54.06713545999998,62.581600189208984,64.660004,-3.0944591961936188,-1.998401810791023,0.0
2021-01-14,64.699997,64.91999799999999,64.610001,64.660004,64.660004,5500,64.47111177777762,63.4585717142858,61.313007560000024,54.16928109499998,62.62690734863281,64.0,-3.1442878527616362,0.0,2.033096651367188
2021-01-15,64.260002,64.400002,64.0,64.0,64.0,10500,64.52222277777763,63.54047652380961,61.50749632000003,54.27684359999998,62.502830505371094,64.629997,-2.339327335357666,-1.4971694946289062,0.0
2021-01-19,64.809998,66.220001,64.41999799999999,64.629997,64.629997,16300,64.5700005555554,63.62761928571437,61.70404028000003,54.384911644999974,62.56538772583008,64.800003,-3.1945062200295706,-2.064609274169925,0.0
2021-01-20,64.519997,64.910004,64.519997,64.800003,64.800003,20500,64.59666777777764,63.716190904761994,61.883690700000024,54.49725768499998,62.59128952026367,64.730003,-3.4085082985819177,0.0,2.208713479736332
2021-01-21,64.839996,65.019997,64.559998,64.730003,64.730003,11900,64.6277795555554,63.8228576190477,62.05497770000002,54.597451659999976,62.63621520996094,64.510002,-3.234648065811242,0.0,2.093787790039059
2021-01-22,64.389999,64.629997,64.300003,64.510002,64.510002,24900,64.57222399999985,63.95000057142866,62.18227208000003,54.694195014999984,62.60661697387695,64.629997,-2.9505269990892993,-1.903385026123047,0.0
2021-01-25,64.379997,64.639999,64.120003,64.629997,64.629997,11200,64.58555677777764,64.08333366666676,62.296845660000024,54.789873304999986,62.63355255126953,64.739998,-3.08903688906325,-1.9964444487304718,0.0
2021-01-26,64.529999,64.889999,64.480003,64.739998,64.739998,12700,64.5866673333332,64.19714319047628,62.40486508000003,54.88193905999998,62.57274627685547,63.25999800000001,-3.347624019303385,0.0,2.167251723144531
2021-01-27,64.160004,64.800003,63.16,63.259998,63.259998,37200,64.44000022222207,64.2419050000001,62.502583360000024,54.968024989999975,62.445831298828125,63.720001,-1.2870166407085217,-0.8141667011718781,0.0
2021-01-28,63.32,64.66999799999999,63.32,63.720001,63.720001,17100,64.33555544444431,64.25809547619058,62.599752860000024,55.05347264499997,62.26393127441406,62.790001000000004,-2.28510625036861,0.0,1.456069725585941
2021-01-29,62.900002,63.029999,62.18,62.790001,62.790001,27500,64.20111111111096,64.2285717142858,62.66578802000003,55.141909819999974,61.981693267822266,62.849998,-1.2873191898463754,-0.808307732177731,0.0
2021-02-01,63.16,63.27,62.709999,62.849998,62.849998,26200,64.00333344444431,64.19047628571437,62.72844708000003,55.23231201999997,61.73887634277344,63.639998999999996,-1.7678944989410532,-1.1111216572265619,0.0
2021-02-02,63.360001,63.759998,63.130001,63.639999,63.639999,9100,63.87444411111096,64.21619061904771,62.80292706000003,55.31833908499998,61.54049301147461,63.67999999999999,-3.299035231797212,-2.0995059885253937,0.0
2021-02-03,63.720001,63.82,63.470001,63.68,63.68,9200,63.757777111110954,64.22285723809533,62.87959972000002,55.40789621499998,61.50557327270508,63.68999900000001,-3.414614835576196,-2.1744267272949216,0.0
2021-02-04,63.540001,63.759998,63.380001,63.689999,63.689999,8000,63.6666656666665,64.19857161904771,62.95766614000003,55.50176380499998,61.495113372802734,63.77999899999999,-3.4462013842978174,-2.194885627197266,0.0
2021-02-05,63.860001,63.889999,63.619999,63.779999,63.779999,11100,63.57222144444428,64.16142880952391,63.030768020000025,55.59426948999999,61.66678237915039,64.099998,-3.3132904577963482,-2.113216620849606,0.0
2021-02-08,64.349998,64.349998,63.98,64.099998,64.099998,13000,63.50111033333317,64.14476219047629,63.09574596000002,55.68886487999998,61.8625602722168,64.379997,-3.4905425859501626,-2.2374377277832025,0.0
2021-02-09,64.190002,64.5,63.990002,64.379997,64.379997,24700,63.6255546666665,64.11476195238104,63.16572696000002,55.78250964999998,62.00580978393555,64.360001,-3.6877715543609857,0.0,2.374187216064456
2021-02-10,64.459999,64.480003,64.33000200000001,64.360001,64.360001,4800,63.69666577777761,64.10761904761914,63.23212474000002,55.87296922999998,62.12799835205078,64.690002,-3.4679966023450124,-2.2320026479492157,0.0
2021-02-11,64.5,64.709999,64.470001,64.690002,64.690002,9100,63.90777699999985,64.10571423809535,63.324222440000014,55.96145494499998,62.2911491394043,64.779999,-3.708228144119875,-2.39885286059571,0.0
2021-02-12,64.410004,64.860001,64.410004,64.779999,64.779999,10900,64.1222215555554,64.11523790476201,63.39643374000001,56.04407335499998,62.41868591308594,65.029999,-3.645126772715859,-2.361313086914066,0.0
2021-02-16,64.970001,65.150002,64.849998,65.029999,65.029999,28300,64.27666599999984,64.13285671428582,63.47265026000001,56.132740959999985,62.55717849731445,64.599998,-3.8025842545154434,0.0,2.4728205026855505
2021-02-17,64.610001,64.739998,64.32,64.599998,64.599998,16600,64.37888799999985,64.16142804761915,63.538675100000006,56.22591863999998,62.61302947998047,64.33000200000001,-3.0758027577950244,0.0,1.9869685200195306
2021-02-18,64.019997,64.440002,63.990002,64.33000200000001,64.33000200000001,11800,64.4499994444443,64.14714257142867,63.58835742000001,56.31715870499998,62.56822967529297,64.339996,-2.738648017929548,-1.7617723247070387,0.0
2021-02-19,64.58000200000001,64.760002,64.339996,64.339996,64.339996,10600,64.5122213333332,64.12523747619058,63.642815640000016,56.40893844999999,62.546546936035156,64.220001,-2.7874559767843987,0.0,1.793449063964843
2021-02-22,64.010002,64.339996,63.919998,64.220001,64.220001,6200,64.52555499999987,64.10095166666676,63.691292740000016,56.50050996999998,62.45435333251953,64.230003,-2.749373466189241,-1.765647667480465,0.0
2021-02-23,63.950001,64.410004,63.77,64.230003,64.230003,16900,64.50888899999987,64.08761838095248,63.73837816000002,56.59017265499999,62.30906677246094,64.510002,-2.990714833905673,-1.920936227539059,0.0
2021-02-24,63.860001,64.58000200000001,63.759998,64.510002,64.510002,12100,64.52555577777764,64.08190433333343,63.78410006000002,56.67658305999999,62.241825103759766,63.339999999999996,-3.5160081009457023,0.0,2.2681768962402344
2021-02-25,64.33000200000001,64.57,63.200001,63.34,63.34,17300,64.37555555555542,64.01523776190486,63.81060000000002,56.757682149999994,62.19077682495117,,-1.8143719214537914,,
