,date,open,high,low,close,adj_close,volume,9-day,21-day,50-day,200-day,adj_close_1_days,true_adj_close_1_days,percent_change,buy_profit,sell_profit
0,2019-11-05,33.290001000000004,33.290001000000004,32.380001,32.91,30.514559000000002,7719900,28.127499555555517,26.62556233333323,25.96046006000001,29.095221629999923,30.396183013916016,30.727809999999998,-7.638459392537165,-0.1183759860839828,0.0
1,2019-11-06,33.139998999999996,33.43,32.970001,33.139998999999996,30.727809999999998,7070300,28.610679666666627,26.909465714285606,26.11141016000001,29.039655509999925,31.34662437438965,30.338385,-5.411510801826983,0.0,-0.6188143743896468
2,2019-11-07,33.169998,33.25,32.48,32.720001,30.338385,5570100,29.057802111111073,27.173941952380844,26.251419180000013,28.984453954999925,31.925968170166016,30.45892000000001,-2.4267506282594176,1.5875831701660168,0.0
3,2019-11-08,32.759997999999996,32.91,32.5,32.849998,30.45892000000001,4422700,29.51934744444441,27.434885809523703,26.390871820000008,28.928921499999923,32.03912734985352,30.375471,-2.468403955904301,0.0,-1.5802073498535094
4,2019-11-11,32.889998999999996,32.889998999999996,32.575001,32.759997999999996,30.375471,3763900,29.995316111111077,27.685674619047514,26.525132140000014,28.872305009999923,32.02329635620117,30.579459999999997,-2.2487841537683577,1.6478253562011709,0.0
5,2019-11-12,32.709998999999996,33.220001,32.580002,32.98,30.579459999999997,5993200,30.45686177777775,27.93558042857132,26.653458280000013,28.816797329999925,32.01167678833008,30.876165000000004,-2.936092212461852,1.4322167883300772,0.0
6,2019-11-13,32.869999,33.419998,32.715,33.299999,30.876165000000004,5227000,30.55679411111109,28.192109095237985,26.78400968000002,28.763351099999923,32.000377655029304,29.055506,-3.9027669189140295,0.0,-1.124212655029293
7,2019-11-14,32.490002000000004,32.490002000000004,30.610001,30.959999,29.055506,14509400,30.425584444444407,28.364147142857032,26.87202826000001,28.694977944999923,31.71986389160156,29.374592,2.454344044396005,2.6643578916015613,0.0
8,2019-11-15,30.959999,31.5,30.92,31.299999,29.374592,6952100,30.255651999999966,28.53680942857132,26.953633060000016,28.629533914999925,31.445804595947266,29.102432,0.4658325897942232,0.0,-2.071212595947266
9,2019-11-18,31.24,31.299999,30.41,31.01,29.102432,7257300,30.098748999999966,28.703576190476078,27.01495928000001,28.562862429999925,31.123987197875977,29.374592,0.3675820634504192,2.0215551978759763,0.0
10,2019-11-19,31.110001,31.493,31.030001000000002,31.299999,29.374592,6661500,29.94839144444442,28.874472380952273,27.06540980000001,28.495729099999924,30.838462829589844,29.177509000000004,-1.4745565020949551,0.0,-1.4638708295898442
11,2019-11-20,31.15,31.440001000000002,30.959999,31.09,29.177509000000004,5271400,29.819405222222194,29.005518095237985,27.10598448000001,28.429610839999924,30.51781272888184,28.379796999999996,-1.840422229392615,0.0,-1.3403037288818318
12,2019-11-21,31.0,31.0,30.16,30.24,28.379796999999996,8815000,29.58839155555553,29.093720714285602,27.135240960000008,28.361548904999925,30.36045837402344,28.661345,0.398341183939944,1.9806613740234376,0.0
13,2019-11-22,30.35,30.639999,30.219998999999998,30.540001,28.661345,4664400,29.397933111111087,29.202394809523696,27.166048660000016,28.293872314999927,30.25171661376953,29.149353,-0.9439567020003335,1.5903716137695303,0.0
14,2019-11-25,30.620001000000002,31.129998999999998,30.395,31.059998999999998,29.149353,7140600,29.239032333333306,29.337398142857033,27.19975518000001,28.229213634999923,30.212276458740234,28.595647999999997,-2.7293064022950118,0.0,-1.062923458740233
15,2019-11-26,31.200001,31.25,30.280001000000002,30.469998999999998,28.595647999999997,8846200,28.985641555555528,29.446476047618926,27.24575330000001,28.158318924999925,30.10702896118164,28.501802,-1.1912374490670667,0.0,-1.51138096118164
16,2019-11-27,30.709999,30.85,30.325001,30.370001000000002,28.501802,4407500,28.924118888888863,29.561240285714174,27.28894734000001,28.08904437499993,30.013731002807614,28.623802,-1.1730984045485586,1.5119290028076158,0.0
17,2019-11-29,30.32,30.559998999999998,30.16,30.5,28.623802,2442200,28.84069777777775,29.66591899999988,27.33940292000001,28.02171349999993,30.02725028991699,29.046120000000002,-1.549999049452485,1.4034482899169909,0.0
18,2019-12-02,30.5,30.955,30.33,30.950001,29.046120000000002,5816500,28.83444088888886,29.621602142857018,27.398490260000013,27.95524943999993,30.06521797180176,28.905347999999996,-2.8587495948650936,0.0,-1.0190979718017594
19,2019-12-03,30.83,30.9,30.469998999999998,30.799999,28.905347999999996,5573200,28.78230266666664,29.558219047618927,27.453649480000013,27.88741472999993,30.06330299377441,29.121201,-2.3918702277411943,1.157954993774414,0.0
20,2019-12-04,30.790001,31.280001000000002,30.75,31.030001000000002,29.121201,5448200,28.776046222222188,29.473324619047492,27.51813272000002,27.81848101499993,30.10548591613769,29.327669,-2.979423313142347,0.984284916137696,0.0
21,2019-12-05,31.280001000000002,31.68,31.09,31.25,29.327669,4606300,28.881365333333306,29.416806047618927,27.58285104000002,27.750935264999928,30.238067626953125,29.177509000000004,-3.23818359375,0.0,-0.9103986269531248
22,2019-12-06,31.280001000000002,31.35,30.950001,31.09,29.177509000000004,6496100,28.938716888888866,29.342982190476068,27.646976900000023,27.74145262999993,30.35795593261719,29.96583900000001,-2.354596549960799,1.1804469326171834,0.0
23,2019-12-09,31.24,32.240002000000004,31.139999,31.93,29.96583900000001,8128000,29.02943755555553,29.325241904761786,27.73002186000002,27.739112394999943,30.506330490112305,29.918913,-4.458720669864375,0.0,-0.5404914901122986
24,2019-12-10,32.049999,32.23,31.82,31.879998999999998,29.918913,5544500,29.176466999999967,29.299527285714163,27.81036660000002,27.741472054999942,30.72961807250977,29.656137,-3.608472282230109,0.0,-0.8107050725097658
25,2019-12-11,31.940001000000002,32.125,31.59,31.6,29.656137,5443200,29.304726444444412,29.26527328571416,27.896489640000013,27.746607674999943,30.88672637939453,29.97522,-2.257195001916045,1.2305893793945302,0.0
26,2019-12-12,31.65,32.130001,31.620001000000002,31.940001000000002,29.97522,5689800,29.454883999999968,29.23649995238083,28.00364434000002,27.748937684999945,30.980379104614254,29.656137,-3.0044516760839834,0.0,-1.0051591046142576
27,2019-12-13,32.0,32.119999,31.409,31.6,29.656137,5174500,29.52266366666664,29.178403380952247,28.104602820000014,27.75318422999995,31.10393714904785,29.787525,-1.5698191485827528,1.4478001490478505,0.0
28,2019-12-16,31.76,32.0,31.549999,31.74,29.787525,4744400,29.620683333333307,29.213261428571297,28.200122300000015,27.754397949999948,31.14982795715332,29.674908000000002,-1.8593952200588475,0.0,-1.3623029571533216
29,2019-12-17,31.690001000000002,31.784,31.355,31.620001000000002,29.674908000000002,6137700,29.682206333333305,29.227562190476053,28.29403848000002,27.755893224999948,31.07732391357422,29.79690900000001,-1.7162462658548927,1.4024159135742202,0.0
30,2019-12-18,31.700001,31.9,31.624001,31.75,29.79690900000001,6317600,29.73434411111109,29.26063252380939,28.394659880000013,27.75879868999995,31.057823181152344,29.937683000000003,-2.180084468811516,1.2609141811523372,0.0
31,2019-12-19,31.860001,32.110001000000004,31.610001,31.9,29.937683000000003,7941000,29.818807888888866,29.28744638095225,28.497725860000013,27.76497318499995,31.04243469238281,30.237996999999996,-2.688292500367355,1.1047516923828091,0.0
32,2019-12-20,32.029999,32.25,31.780001000000002,32.220001,30.237996999999996,12601700,29.849047666666642,29.337945809523678,28.60290382000002,27.771704189999948,31.0341739654541,29.956453000000003,-3.680406572755543,0.0,-0.7961769654541015
33,2019-12-23,32.200001,32.299999,31.82,31.92,29.956453000000003,6822800,29.853218777777762,29.41302466666653,28.699854760000022,27.77671245499994,31.078895568847656,30.012759999999997,-2.635038944712862,1.1224425688476531,0.0
34,2019-12-24,31.93,32.080002,31.865,31.98,30.012759999999997,1594400,29.892843555555533,29.477377761904627,28.793481200000024,27.782812309999944,31.18910217285156,29.68429,-2.4731013982127514,0.0,-1.1763421728515624
35,2019-12-26,31.950001,31.98,31.5,31.629998999999998,29.68429,3957800,29.86051799999998,29.50285095238081,28.877385740000022,27.785874729999946,31.21914482116699,29.674908000000002,-1.298938323814077,0.0,-1.5348548211669917
36,2019-12-27,31.719998999999998,31.885,31.530001000000002,31.620001000000002,29.674908000000002,4089700,29.86260366666665,29.554244285714145,28.962029760000018,27.79082534999995,31.2194938659668,29.759369,-1.2666259372768571,1.5445858659667984,0.0
37,2019-12-30,31.67,31.809998999999998,31.559998999999998,31.709999,29.759369,3856500,29.859475222222198,29.61412842857129,29.042243460000034,27.795208229999947,31.19883918762207,30.153536,-1.6119830605416592,1.4394701876220708,0.0
38,2019-12-31,31.700001,32.314999,31.540001,32.130001,30.153536,6069400,29.912656111111087,29.686972904761767,29.133307580000032,27.801831954999948,31.16459846496582,29.665521999999996,-3.0046763304930484,0.0,-1.0110624649658213
39,2020-01-02,32.290001000000004,32.419998,31.5,31.610001,29.665521999999996,6008700,29.89805755555553,29.716468238095107,29.210902580000035,27.805565579999946,31.12781524658203,29.318281,-1.5254215063706236,0.0,-1.4622932465820317
40,2020-01-03,31.5,31.65,31.219998999999998,31.24,29.318281,5012700,29.82923511111109,29.736131714285573,29.268757220000033,27.808058024999944,31.06168365478516,29.383974,-0.5707949590743988,1.743402654785157,0.0
41,2020-01-06,31.17,31.469998999999998,30.9,31.309998999999998,29.383974,4714700,29.73434366666665,29.748644714285568,29.32588586000003,27.80759374499995,30.97815132141113,28.867807,-1.059877640331028,0.0,-1.5941773214111343
42,2020-01-07,31.25,31.285,30.51,30.76,28.867807,7165700,29.613382999999967,29.726746523809386,29.375658220000034,27.806618734999947,30.82205009460449,28.708267,0.2017233244619331,0.0,-1.954243094604493
43,2020-01-08,30.74,30.940001000000002,30.35,30.59,28.708267,5802900,29.468439333333308,29.704401666666524,29.423537900000035,27.80390097999995,30.59372138977051,28.698881,0.012165380093193706,0.0,-1.8854543897705085
44,2020-01-09,30.67,30.690001000000002,29.940001000000002,30.58,28.698881,8938400,29.35894944444441,29.644070333333197,29.471415280000034,27.799336179999948,30.301820755004886,28.811502,-0.9096770601540728,1.6029397550048827,0.0
45,2020-01-10,30.59,30.874001,30.57,30.700001,28.811502,4578200,29.26301544444441,29.59133647619034,29.52581026000004,27.796504544999948,30.17500305175781,29.243204,-1.7100909809162153,1.3635010517578117,0.0
46,2020-01-13,30.91,31.174999,30.700001,31.16,29.243204,4269100,29.205663777777747,29.571672999999862,29.582163360000035,27.79470635499995,30.13890266418457,29.778140999999998,-3.276949087982766,0.8956986641845717,0.0
47,2020-01-14,31.129998999999998,31.75,31.120001000000002,31.73,29.778140999999998,6794100,29.163953222222194,29.56228828571415,29.57819070000004,27.796662939999944,30.22097587585449,29.656137,-4.75582768403879,0.0,-0.44283487585449066
48,2020-01-15,31.690001000000002,31.959999,31.540001,31.6,29.656137,4243700,29.162910444444414,29.56228828571415,29.566585580000037,27.798684534999946,30.42265892028809,29.778140999999998,-3.7257629104807446,0.7665219202880849,0.0
49,2020-01-16,31.700001,32.02,31.65,31.73,29.778140999999998,3950400,29.214005999999966,29.56184142857129,29.544068720000038,27.803206259999946,30.68947982788086,29.121201,-3.279294585941195,0.0,-0.9113388278808578
50,2020-01-17,31.799999,31.860001,30.950001,31.030001000000002,29.121201,6645600,29.184808999999966,29.535474428571302,29.516201560000034,27.803678254999944,30.80774688720703,29.102432,-0.7162555772813779,0.0,-1.6865458872070318
51,2020-01-21,30.959999,31.120001000000002,30.405001000000002,31.01,29.102432,7106600,29.210878444444408,29.502404095237967,29.483694000000032,27.802076279999934,30.77784538269043,28.783347999999997,-0.7486443641069715,0.0,-1.6754133826904294
52,2020-01-22,31.08,31.084,30.5,30.67,28.783347999999997,4535000,29.21922077777775,29.447435761904632,29.452593260000032,27.796718754999933,30.6839599609375,28.792728000000004,0.04551666428920213,1.9006119609375,0.0
53,2020-01-23,30.530001000000002,30.790001,30.34,30.68,28.792728000000004,4280600,29.229648222222195,29.378613428571306,29.419269420000035,27.791318094999934,30.48653793334961,28.539340999999997,-0.6305803997731106,0.0,-1.6938099333496055
54,2020-01-24,30.700001,30.725,30.09,30.41,28.539340999999997,5951500,29.19940811111108,29.311131904761783,29.382546820000034,27.785730574999928,30.23833274841309,28.48303,-0.5645092127159296,0.0,-1.6989917484130856
55,2020-01-27,30.15,30.475,29.855,30.35,28.48303,5806100,29.114944333333302,29.238287619047494,29.34061822000003,27.77972650499993,30.02803039550781,28.276562,-1.0608553690022695,0.0,-1.545000395507813
56,2020-01-28,30.450001,30.67,30.084999,30.129998999999998,28.276562,5645000,28.94810222222219,29.17125295238083,29.28862616000003,27.772645064999928,29.92986488342285,27.797937,-0.66423539070529,0.0,-1.6533028834228531
57,2020-01-29,30.110001,30.110001,29.594998999999998,29.620001000000002,27.797937,9042600,28.74163555555552,29.081873380952263,29.263474780000035,27.76281050499993,29.719343185424805,28.098249,0.3353888658707548,1.921406185424804,0.0
58,2020-01-30,29.610001,29.99,29.27,29.940001000000002,28.098249,6169800,28.554980888888856,29.00277242857131,29.237947920000032,27.754162489999928,29.55152702331543,27.40377,-1.2975082288226012,0.0,-1.4532780233154303
59,2020-01-31,29.9,29.92,29.035,29.200001,27.40377,8211800,28.36415522222219,28.87183119047607,29.203974680000034,27.74249209999993,29.35571098327637,27.356848,0.533253349122717,0.0,-1.9519409832763657
60,2020-02-03,29.200001,29.379998999999998,28.92,29.15,27.356848,6305700,28.170201444444412,28.76189433333321,29.163619800000035,27.73126212999993,29.16676139831543,27.356848,0.05750050880079283,0.0,0.0
61,2020-02-04,29.5,29.620001000000002,29.09,29.15,27.356848,7607100,28.011701444444412,28.668492761904645,29.127206580000035,27.719717159999927,28.972373962402344,27.563315999999997,-0.6093517584825209,1.6155259624023444,0.0
62,2020-02-05,29.360001,29.950001,29.110001,29.370001000000002,27.563315999999997,9092800,27.875100111111077,28.58179476190465,29.110876960000034,27.709474534999927,28.885143280029297,27.272384999999996,-1.6508604135583842,0.0,-1.3218272800292965
63,2020-02-06,29.32,29.6,28.92,29.059998999999998,27.272384999999996,6544800,27.73432722222219,28.505822285714174,29.083097760000033,27.696877224999927,28.79829978942871,27.722858000000002,-0.9005478994382976,1.5259147894287108,0.0
64,2020-02-07,28.959999,30.299999,28.709999,29.540001,27.722858000000002,13268800,27.649863666666636,28.458898047618927,29.054567860000034,27.68806235499993,28.72356986999512,27.86363,-2.763815512412755,1.0007118699951183,0.0
65,2020-02-10,29.65,29.85,29.4,29.690001000000002,27.86363,5775800,27.603982333333303,28.41912419047607,29.039927500000033,27.681031399999927,28.822641372680664,28.163947999999998,-2.9213863189810425,0.9590113726806636,0.0
66,2020-02-11,29.889999,30.15,29.620001000000002,30.01,28.163947999999998,7123300,27.64465022222219,28.388288285714165,29.033170420000033,27.673071889999928,28.93322944641113,28.192101,-3.5880391655743713,0.7692814464111315,0.0
67,2020-02-12,30.17,30.549999,29.945,30.040001,28.192101,8096300,27.65507822222219,28.33823576190464,29.024536400000034,27.664308094999928,29.068832397460934,26.061737,-3.2329180100195822,0.0,-0.8767313974609365
68,2020-02-13,29.115999,29.23,27.360001,27.77,26.061737,37333600,27.505963444444408,28.161264142857018,28.964848740000033,27.64502748999993,28.676799774169922,25.226484,3.2653934971909337,0.0,-2.615062774169921
69,2020-02-14,27.85,27.92,26.459999,26.879998999999998,25.226484,23915700,27.269256333333303,27.950328285714164,28.891271460000034,27.622695659999927,28.21823501586914,25.648806,4.978556791870188,2.9917510158691414,0.0
70,2020-02-18,26.77,27.450001,26.299999,27.33,25.648806,16772400,27.07947388888885,27.753693285714164,28.821823560000034,27.60612068999993,27.66966819763184,25.630035,1.2428400937864532,0.0,-2.0208621976318355
71,2020-02-19,27.360001,27.452999,27.110001,27.309998999999998,25.630035,7947900,26.86466488888885,27.587447285714163,28.747870880000033,27.587651734999927,27.209720611572266,25.733267,-0.36718561735478505,1.5796856115722662,0.0
72,2020-02-20,27.27,27.778,27.15,27.42,25.733267,7005900,26.69365177777775,27.42701085714273,28.678986040000023,27.568843914999928,26.75226593017578,25.583113,-2.4352081321087544,0.0,-1.0189989301757798
73,2020-02-21,27.200001,27.51,27.17,27.26,25.583113,6716800,26.455902333333306,27.274618714285587,28.591331520000026,27.55050038999993,26.74944496154785,24.991863000000002,-1.8729091652683416,0.0,-1.166331961547851
74,2020-02-24,26.959999,27.139999,26.26,26.629998999999998,24.991863000000002,12622200,26.13681711111108,27.093625142857015,28.492790520000025,27.529515634999928,26.71671867370605,24.466312,0.3256465526192966,0.0,-1.7248556737060559
75,2020-02-25,26.620001000000002,26.700001,25.75,26.07,24.466312,11732200,25.725968666666642,26.89967138095225,28.388994020000034,27.50522806499993,26.61408996582031,24.062763,2.0870347749148914,0.0,-2.147777965820314
76,2020-02-26,26.23,26.24,25.360001,25.639999,24.062763,11768200,25.2671533333333,26.689182476190343,28.270744880000024,27.478607759999928,26.32131767272949,23.433981,2.6572492172464313,0.0,-2.2585546727294914
77,2020-02-27,25.379998999999998,25.49,24.76,24.969998999999998,23.433981,14102800,24.97518044444441,26.45858338095225,28.146301760000025,27.45190372499993,25.861042022705078,23.246283,3.5684543788130574,0.0,-2.427061022705079
78,2020-02-28,24.549999,24.809998999999998,24.01,24.77,23.246283,16274100,24.75515811111108,26.24183795238082,28.015476920000022,27.42291110999993,25.29751205444336,24.466312,2.1296409141839314,2.0512290544433607,0.0
79,2020-03-02,24.75,26.08,24.57,26.07,24.466312,14470800,24.62376988888885,26.06888857142844,27.911305000000024,27.399433609999928,25.016277313232425,23.931376,-4.041897532671953,0.0,-0.5499653132324234
80,2020-03-03,26.0,26.52,25.254998999999998,25.5,23.931376,11011400,24.435029999999966,25.903536476190343,27.793994340000022,27.37301140999993,24.92455673217773,24.822939,-2.2566402659696694,0.9931807321777342,0.0
81,2020-03-04,25.93,26.48,25.6,26.450001,24.822939,8588100,24.33388244444441,25.78287414285701,27.691699460000024,27.350732024999925,25.00151634216309,25.010633,-5.476312298955734,0.1785773421630843,0.0
82,2020-03-05,25.83,26.75,25.73,26.65,25.010633,12581900,24.27027355555552,25.67114961904749,27.587152180000025,27.332721289999924,25.21671485900879,24.428774,-5.378180641618047,0.0,-0.2060818590087905
83,2020-03-06,25.66,26.389999,25.620001000000002,26.030001000000002,24.428774,8694600,24.207708111111074,25.521885714285578,27.476598600000024,27.310946224999924,25.52873992919922,22.486109,-1.925705153836836,0.0,-1.099965929199218
84,2020-03-09,24.08,24.700001,23.67,23.959999,22.486109,16231400,23.98768555555552,25.29396780952367,27.326065580000023,27.279907854999923,25.28584861755371,22.992891,5.533596297536203,2.799739617553712,0.0
85,2020-03-10,24.67,24.889999,23.49,24.5,22.992891,12339200,23.868810888888856,25.06873128571415,27.192237600000034,27.25333849499993,25.01329231262207,22.204560999999998,2.0950706637635523,0.0,-2.02040131262207
86,2020-03-11,23.91,24.24,23.305,23.66,22.204560999999998,11763400,23.73220866666664,24.799251809523675,27.042830660000032,27.224357599999923,24.565526962280273,19.149763,3.827248361286024,0.0,-2.360965962280272
87,2020-03-12,21.9,22.07,20.040001,20.059998999999998,19.149763,15386400,23.27703977777775,24.370004904761768,26.830638540000024,27.189328294999925,23.60235595703125,22.882345,17.65880924037558,4.45259295703125,0.0
88,2020-03-13,21.24,23.99,20.700001,23.969998999999998,22.882345,15014300,23.101043444444407,24.117159380952245,26.685214720000022,27.17467198999993,22.93647003173828,21.02083,-4.311760581474034,0.0,-0.054125031738280434
89,2020-03-16,20.9,23.57,19.99,22.02,21.02083,14821500,22.777649444444407,23.877116190476052,26.51232088000002,27.15472437499993,22.485258102416992,22.748699,2.112888748487705,1.4644281024169918,0.0
90,2020-03-17,22.209999,23.91,20.84,23.83,22.748699,12594400,22.547178333333303,23.759126428571292,26.380929240000015,27.142275139999928,22.1757755279541,22.615053,-6.941772857934942,0.0,0.5729234720458969
91,2020-03-18,22.34,24.0,21.927999,23.690001000000002,22.615053,11805700,22.281002777777747,23.61466199999986,26.245550820000016,27.12564343999993,22.05071449279785,21.269032,-6.919740135098125,0.0,0.5643385072021481
92,2020-03-19,23.16,23.559998999999998,21.92,22.280001000000002,21.269032,12585300,21.929920333333303,23.40699519047605,26.09357532000001,27.101140649999927,22.392200469970703,21.269032,0.5035882627236171,0.0,0.0
93,2020-03-20,22.450001,23.24,21.780001000000002,22.280001000000002,21.269032,12908300,21.794689555555525,23.194412571428433,25.94479062000001,27.077550649999928,22.40450668334961,19.827548999999998,0.5588226111372739,0.0,-1.13547468334961
94,2020-03-23,22.290001,23.299999,20.67,20.77,19.827548999999998,14829300,21.44298488888886,22.920338095237952,25.76736398000001,27.04606861999993,22.42691421508789,21.946814,7.9774396489547,2.599365215087889,0.0
95,2020-03-24,21.790001,23.365,21.530001000000002,22.99,21.946814,11706200,21.414346333333302,22.77533576190462,25.63007022000001,27.02463524999993,22.38089942932129,21.918175,-2.649415270459806,0.0,-0.4340854293212893
96,2020-03-25,23.389999,24.32,22.879998999999998,22.959999,21.918175,15683100,21.721947666666637,22.653995904761768,25.48356964000001,26.99589331999993,22.407093048095703,23.646046,-2.408127073107872,0.4889180480957016,0.0
97,2020-03-26,23.24,27.379998999999998,22.98,24.77,23.646046,12900700,21.806803333333306,22.634152238095094,25.360927740000008,26.976110224999925,22.7225284576416,23.140093,-8.265932750740403,0.0,0.9235175423583968
98,2020-03-27,24.0,25.18,23.610001,24.24,23.140093,8529400,22.042276999999967,22.62015757142843,25.23060686000001,26.954299389999925,23.108110427856445,24.027895,-4.669511436235782,-0.03198257214355493,0.0
99,2020-03-30,24.639999,25.299999,24.040001,25.17,24.027895,8008400,22.184409888888858,22.65737719047605,25.11560194000001,26.935649669999922,23.74150848388672,23.617404999999998,-5.675373524486622,0.0,0.2863865161132821
100,2020-03-31,25.110001,25.49,24.395,24.74,23.617404999999998,7037500,22.295782333333307,22.61695304761891,25.00552602000001,26.91540388999993,24.25434112548828,22.605507,-1.9630512308476848,0.0,-0.6369361254882797
101,2020-04-01,24.02,24.385,23.5,23.68,22.605507,6098600,22.444279555555525,22.55381642857129,24.87558752000001,26.89073757999993,24.42651176452637,23.521944,3.1524990056012143,1.821004764526368,0.0
102,2020-04-02,23.48,24.790001,23.360001,24.639999,23.521944,7376700,22.69460311111108,22.491864285714144,24.77035944000001,26.870197054999927,24.38183212280273,24.171089000000002,-1.0477552259529928,0.8598881228027331,0.0
103,2020-04-03,24.389999,25.475,24.389999,25.32,24.171089000000002,9217500,23.177218666666636,22.451885999999863,24.677926660000008,26.84975314499993,24.484943389892575,24.734316,-3.2980118882599614,0.31385438989257963,0.0
104,2020-04-06,26.0,26.120001000000002,25.559998999999998,25.91,24.734316,7757500,23.48694111111108,22.46643561904748,24.60182616000002,26.83134948999993,24.674901962280273,25.402555,-4.766877798995472,-0.05941403771972631,0.0
105,2020-04-07,26.969998999999998,27.48,26.040001,26.610001,25.402555,12177900,23.874094444444413,22.605313999999858,24.54021666000001,26.814689654999924,24.961090087890625,26.080338,-6.196583427822403,-0.44146491210937455,0.0
106,2020-04-08,26.75,27.5,26.610001,27.32,26.080338,7458600,24.144571333333307,22.752335285714146,24.496292180000008,26.805800104999925,25.54675483703613,26.834491999999997,-6.490648473513424,-0.5335831629638683,0.0
107,2020-04-09,27.35,28.495001000000002,27.35,28.110001,26.834491999999997,11111900,24.55506011111108,22.97280819047605,24.477023280000008,26.79995109999993,26.21554183959961,26.662657,-6.739448925670231,0.0,0.6189501604003915
108,2020-04-13,27.9,28.174999,27.34,27.93,26.662657,6711500,24.847811444444414,23.330565047618908,24.44831144000001,26.792512699999925,26.78685569763184,27.159063,-4.092890448865607,0.12419869763183655,0.0
109,2020-04-14,28.09,28.674999,27.93,28.450001,27.159063,6668600,25.24132899999997,23.534218285714143,24.443417300000014,26.787875799999924,27.24057960510254,26.777212,-4.2510416604114045,0.0,-0.08151660510253933
110,2020-04-15,28.0,28.09,27.41,28.049999,26.777212,6209600,25.704851777777748,23.80833171428557,24.431824580000026,26.78009738499993,27.496137619018555,27.903669,-1.9745504482244192,0.7189256190185559,0.0
111,2020-04-16,28.5,29.41,28.200001,29.23,27.903669,9266000,26.191710111111078,24.053806476190328,24.442761000000022,26.78059833999993,27.806344985961914,27.999132,-4.870526903996191,-0.09732401403808666,0.0
112,2020-04-17,29.120001000000002,29.49,28.645,29.33,27.999132,8131600,26.617048222222195,24.31019119047605,24.451477320000023,26.781302759999928,28.06095695495605,27.846391999999998,-4.3267747870574285,0.0,-0.06182495495605522
113,2020-04-20,28.98,29.799999,28.879998999999998,29.17,27.846391999999998,6184200,26.962834444444407,24.623398809523675,24.46295746000002,26.77791181999993,28.31519889831543,27.178156,-2.930411730149373,0.0,-0.4688068983154281
114,2020-04-21,28.93,29.129998999999998,28.309998999999998,28.469998999999998,27.178156,6143300,27.160123444444412,24.904785666666516,24.452063420000016,26.77236631999993,28.40666198730469,27.454998,-0.22246931829998973,1.2285059873046862,0.0
115,2020-04-22,28.83,28.940001000000002,28.450001,28.76,27.454998,4636800,27.312863444444407,25.26799752380938,24.44389078000001,26.76957419999993,28.58622932434082,27.235434,-0.6042095815687804,0.0,-1.1312313243408203
116,2020-04-23,28.620001000000002,29.049999,28.459999,28.530001000000002,27.235434,4418300,27.35741255555553,25.519836571428428,24.425320500000016,26.766551404999934,28.58767509460449,27.903669,0.2021524450857663,1.3522410946044907,0.0
117,2020-04-24,28.59,29.334999,28.59,29.23,27.903669,7272300,27.49530277777775,25.80486009523796,24.419551860000013,26.76321865499993,28.54461479187012,28.820109999999996,-2.344800575196316,0.6409457918701165,0.0
118,2020-04-27,29.5,30.25,29.35,30.190001000000002,28.820109999999996,7071600,27.679863555555528,26.05124409523795,24.47471932000001,26.767434654999928,28.641155242919922,29.049219,-5.130326948581674,-0.1789547570800778,0.0
119,2020-04-28,30.48,30.77,30.055,30.43,29.049219,6920900,27.93230877777775,26.332631047618907,24.55117402000001,26.77211162499993,28.9418888092041,29.144684,-4.890276670377582,-0.10733019079589924,0.0
120,2020-04-29,30.540001,31.035,30.17,30.530001000000002,29.144684,7681100,28.070199333333306,26.57628766666653,24.621091580000016,26.77781357999993,29.25258827209473,28.953756,-4.184122784356516,0.0,-0.10790427209472496
121,2020-04-30,30.129998999999998,30.889999,29.530001000000002,30.33,28.953756,10035200,28.176268666666648,26.830399619047483,24.687566000000015,26.78420391999993,29.507583618164066,28.04686400000001,-2.7115607709724228,0.0,-0.553827618164064
122,2020-05-01,29.99,30.24,29.15,29.379998999999998,28.04686400000001,6200700,28.198543333333305,27.089511857142725,24.733837940000008,26.78551212499993,29.66294288635254,27.617283,0.9630493396291046,0.0,-1.6160788863525326
123,2020-05-04,29.139999,29.24,28.450001,28.93,27.617283,6662800,28.2473352222222,27.28452799999987,24.774521340000017,26.781888429999928,29.51699256896973,27.626827000000002,2.029009916936491,1.8997095689697259,0.0
124,2020-05-05,29.0,29.485001,28.860001,28.940001000000002,27.626827000000002,7385600,28.266427333333308,27.449086952380824,24.82722062000002,26.776076119999928,29.26167297363281,28.065956,1.1115133466402225,1.6348459736328138,0.0
125,2020-05-06,29.139999,29.57,28.879998999999998,29.4,28.065956,6164200,28.35870755555553,27.607736476190354,24.89921350000002,26.772687654999928,29.02951622009277,27.521818,-1.2601489112490651,0.0,-0.9635602200927736
126,2020-05-07,29.58,29.719998999999998,28.73,28.83,27.521818,4934300,28.31627966666664,27.708653761904635,24.968394600000018,26.764479094999928,28.871023178100586,28.218697,0.14229336836832346,1.3492051781005865,0.0
127,2020-05-08,29.09,29.665001,28.93,29.559998999999998,28.218697,5295900,28.249455999999967,27.810480380952253,25.064088920000017,26.759207244999928,28.813146591186523,27.999132,-2.526564391336677,0.0,-0.5944495911865246
128,2020-05-11,29.309998999999998,29.575001,29.26,29.33,27.999132,3929600,28.132779666666643,27.865939428571306,25.15914590000002,26.755210834999932,28.914409637451172,28.04686400000001,-1.4169463435009424,0.9152776374511724,0.0
129,2020-05-12,29.34,29.780001000000002,29.34,29.379998999999998,28.04686400000001,4700200,28.010799666666642,27.931854047618927,25.23075694000002,26.750083884999928,29.001628875732425,27.454998,-1.2878493435877232,0.0,-0.9547648757324154
130,2020-05-13,29.440001000000002,29.52,28.48,28.76,27.454998,6637400,27.844270999999967,27.945946190476075,25.301229380000013,26.742408359999928,28.957672119140625,27.493181,0.6873161305306795,1.5026741191406252,0.0
131,2020-05-14,28.5,28.934998999999998,28.120001000000002,28.799999,27.493181,4866400,27.78275066666664,27.98003995238084,25.354634220000023,26.734558634999928,28.854450225830078,27.875031,0.1890667629192572,1.3612692258300785,0.0
132,2020-05-15,28.709999,29.32,28.559998999999998,29.200001,27.875031,5349400,27.811389333333306,27.97867623809513,25.41192218000002,26.727842299999928,28.78332901000977,29.469254,-1.426958820961118,0.9082980100097656,0.0
133,2020-05-18,30.059998999999998,31.139999,29.950001,30.870001000000002,29.469254,12870200,28.016103444444422,28.048682047618932,25.51273178000002,26.726723844999928,28.899747848510746,28.552815999999996,-6.3824201090542765,0.0,0.5695061514892572
134,2020-05-19,30.82,30.93,29.9,29.91,28.552815999999996,6538500,28.070198999999967,28.082321285714173,25.634065920000022,26.722483664999928,29.053754806518555,28.86784,-2.86273886152272,0.5009388065185547,0.0
135,2020-05-20,30.15,30.48,29.98,30.24,28.86784,4609500,28.219756999999976,28.16278242857131,25.751564900000016,26.723332819999932,29.29388236999512,28.361890999999996,-3.1286958664182585,0.0,-0.4260423699951161
136,2020-05-21,30.059998999999998,30.110001,29.59,29.709999,28.361890999999996,4170800,28.235667444444427,28.205967809523692,25.874711500000014,26.72557721499993,29.55230140686035,28.591,-0.5307896278947982,1.1904104068603516,0.0
137,2020-05-22,29.57,29.99,29.559998999999998,29.950001,28.591,3283400,28.30143055555553,28.27051857142845,26.06353624000001,26.727643599999933,29.734174728393555,28.843977000000002,-0.7206219178638612,1.1431747283935572,0.0
138,2020-05-26,30.360001,30.735001,30.139999,30.215,28.843977000000002,5977800,28.38999866666665,28.315295142857018,26.18276888000001,26.743069299999934,29.732868194580078,29.62199600000001,-1.5956703803406314,0.8888911945800793,0.0
139,2020-05-27,30.360001,31.059998999999998,30.27,31.030001000000002,29.62199600000001,5170600,28.6307762222222,28.353480190476066,26.35479220000002,26.770235054999944,29.78986549377441,29.389893,-3.9965693401865656,0.0,-0.16786949377440766
140,2020-05-28,30.620001000000002,30.75,30.26,30.389999,29.389893,3709900,28.841521999999987,28.36970276190464,26.48761608000002,26.797198719999933,29.871341705322266,29.467258,-1.7066709830353528,0.4814487053222649,0.0
141,2020-05-29,30.27,30.59,29.77,30.469998999999998,29.467258,6855800,29.018436111111104,28.38506342857131,26.62466018000002,26.826055319999934,29.951385498046875,29.423740000000002,-1.7020463372943544,0.0,-0.4841274980468739
142,2020-06-01,30.5,30.780001000000002,30.32,30.424999,29.423740000000002,5396200,29.013378999999997,28.407443619047488,26.78775434000002,26.856702454999933,30.09355926513672,30.395668,-1.0893664609924258,0.6698192651367201,0.0
143,2020-06-02,30.49,31.459999,30.42,31.43,30.395668,7215400,29.218140333333324,28.519291428571304,26.970287060000018,26.894308654999932,30.20561599731445,30.279613,-3.8955902089899666,0.0,0.19005200268554745
144,2020-06-03,31.5,31.83,31.280001000000002,31.309998999999998,30.279613,5623100,29.37500399999999,28.646069047618926,27.17932834000002,26.92973719499993,30.35935020446777,30.453691000000006,-3.0362466492963724,0.07973720446777223,0.0
145,2020-06-04,30.974001,31.5,30.82,31.49,30.453691,6157000,29.60742622222221,28.78068161904749,27.349465880000018,26.96466693499993,30.47944259643555,31.546505,-3.209137515288827,0.025751596435547697,0.0
146,2020-06-05,31.73,32.639998999999996,31.690001000000002,32.619999,31.546505,19534500,29.935815666666656,28.946422047618928,27.542032480000017,27.005848879999927,30.71152114868164,32.852077,-5.850637369174534,-0.8349838513183592,0.0
147,2020-06-08,32.540001000000004,34.0,32.509997999999996,33.970001,32.852077,11939500,30.381160111111104,29.200243904761773,27.72615310000002,27.052955999999927,31.159990310668945,32.010708,-8.272035933502202,0.0,1.6920866893310558
148,2020-06-09,33.299999,33.5,32.740002000000004,33.099998,32.010708,5874900,30.646572555555547,29.38081585714273,27.90356540000002,27.09423364999993,31.5806941986084,31.430456,-4.590041973391059,0.0,0.4300138013916026
149,2020-06-10,33.09,33.189999,32.400002,32.5,31.430456,5541200,30.873301777777765,29.544212238095113,28.051616620000022,27.13395448999993,31.84353446960449,30.153893,-2.0198939396784854,0.0,-0.4130784696044927
150,2020-06-11,31.719998999999998,31.91,31.139999,31.18,30.153893,6965100,30.94959455555555,29.64454695238083,28.182346380000023,27.16613350499993,31.9277286529541,30.75349000000001,2.398103441161328,1.7738356529541015,0.0
151,2020-06-12,31.790001,31.98,31.23,31.799999,30.75349000000001,5437100,31.097344555555548,29.80161799999988,28.345306040000025,27.203999429999925,31.92916679382324,31.062958000000002,0.4061880436639087,1.1756767938232358,0.0
152,2020-06-15,31.26,32.119999,30.99,32.119999,31.062958000000002,5008100,31.17148788888888,29.97160738095225,28.49612632000002,27.242624549999928,31.669960021972656,31.652885000000005,-1.4011176588995031,0.607002021972658,0.0
153,2020-06-16,32.580002,32.900002,32.02,32.73,31.652884999999998,5833900,31.324073666666656,30.15150519047606,28.645762240000018,27.28345753499993,31.54459953308105,31.720579,-3.6217551693215473,-0.10828546691894657,0.0
154,2020-06-17,32.919998,33.380001,32.759997999999996,32.799999,31.720578999999997,5047600,31.46483899999999,30.258711142857017,28.785487500000023,27.32374815499993,31.57272720336914,32.088078,-3.741682420877083,-0.14785179663086012,0.0
155,2020-06-18,32.610001000000004,33.200001,32.5,33.18,32.088078,3839700,31.52501377777777,30.427056952380823,28.919197960000023,27.363372779999928,31.85342025756836,32.378204,-3.99813062818457,-0.2346577424316436,0.0
156,2020-06-19,33.25,33.700001,33.07,33.48,32.378204,9231500,31.472361222222204,30.594217142857012,29.045155280000035,27.403520824999923,32.124984741210945,32.059063,-4.047237929477478,0.0,0.25321925878905915
157,2020-06-22,33.07,33.369999,32.799999,33.150002,32.059063,6773000,31.47773399999998,30.770272952380825,29.149646700000034,27.440543254999923,32.386680603027344,31.333747999999996,-2.302628509562856,0.0,-0.3276176030273419
158,2020-06-23,33.200001,33.376999,32.305,32.400002,31.333747999999996,7113900,31.46698866666665,30.900879999999876,29.243068520000023,27.470740234999923,32.42235565185547,31.072632000000002,0.06899274838152207,0.0,-1.0886076518554688
159,2020-06-24,32.25,32.314999,31.67,32.130001,31.072632000000002,5962600,31.569070777777764,31.0070064285713,29.32133990000002,27.495922789999923,32.27262496948242,30.830858000000006,0.4438965609818121,0.0,-1.1999929694824232
160,2020-06-25,31.950001,32.07,31.51,31.879998999999998,30.83085800000001,4871100,31.57766722222221,31.06457128571416,29.402412820000023,27.515816749999924,32.093399047851555,29.883108,0.6693853655753281,0.0,-1.2625410478515562
161,2020-06-26,31.889999,31.889999,30.799999,30.9,29.883108,7293900,31.446572777777767,31.08805771428559,29.442001600000022,27.529488414999925,31.732213973999023,30.598755,2.693249106792961,1.8491059739990237,0.0
162,2020-06-29,31.0,31.709999,31.0,31.639999,30.598755,5010500,31.32944722222221,31.1419385238094,29.493994060000023,27.547897324999923,31.422649383544922,30.84052800000001,-0.6869457121508685,0.8238943835449213,0.0
163,2020-06-30,31.639999,32.049999,31.499001,31.889999,30.84052800000001,5854100,31.23166377777777,31.209404619047493,29.553876780000024,27.566495164999925,31.23377227783203,30.627769,-2.0577821973841024,0.0,-0.3932442778320251
164,2020-07-01,31.93,32.029999,31.485001,31.67,30.627769,4482300,31.06940722222221,31.220457047618922,29.622869040000023,27.582313874999922,31.183094024658203,30.763161,-1.5374359815023635,0.5553250246582024,0.0
165,2020-07-02,31.950001,32.209998999999996,31.73,31.809998999999998,30.763161,4284800,30.889957999999996,31.243483142857013,29.689032300000022,27.604650969999923,31.20026206970215,30.946909000000005,-1.9168090206411288,0.4371010697021481,0.0
166,2020-07-06,32.080002,32.34,31.85,32.0,30.946909,4839400,30.76638533333333,31.266969714285587,29.763261800000034,27.627675014999923,31.344816207885746,30.995262,-2.047449350357056,0.39790720788574063,0.0
167,2020-07-07,31.790001,32.275002,31.780001000000002,32.049999,30.995262,5106400,30.728775777777766,31.24072004761892,29.825093660000025,27.652146209999923,31.462909698486328,30.811516,-1.8317919495525463,0.0,-0.4676476984863278
168,2020-07-08,32.040001000000004,32.16,31.48,31.860001,30.811515999999997,3668400,30.699762888888888,31.14355047619034,29.86492178000002,27.675745024999923,31.50010681152344,30.337643,-1.129611353359854,0.0,-0.6885908115234365
169,2020-07-09,31.639999,31.754998999999998,31.16,31.370001000000002,30.337643,3731700,30.64496122222221,31.063880714285578,29.890690260000024,27.696696304999925,31.456159591674805,31.217693000000004,0.2746528177503285,1.1185165916748048,0.0
170,2020-07-10,31.35,32.310001,31.35,32.279999,31.217693,5302700,30.79324844444444,31.05374914285701,29.932150440000022,27.723299574999913,31.428089141845703,31.440125,-2.6391260363864744,0.21039614184570252,0.0
171,2020-07-13,32.509997999999996,32.950001,32.18,32.509997999999996,31.440125,6236300,30.886734,31.11499828571415,29.981877820000022,27.750041434999915,31.490758895874023,32.213799,-3.1351558499818415,0.05063389587402512,0.0
172,2020-07-14,32.299999,33.435001,32.279999,33.310001,32.213799,7868100,31.03931966666666,31.184536809523674,30.065216520000032,27.781254349999923,31.617021560668945,32.059063,-5.082495912657146,0.0,0.5967774393310563
173,2020-07-15,33.5,33.5,33.049999,33.150002,32.059063,5105700,31.198352333333325,31.231970380952237,30.154052120000035,27.812481709999915,31.86424827575684,33.267928999999995,-3.878593202628358,-0.19481472424316595,0.0
174,2020-07-16,33.57,34.689999,33.439999,34.400002,33.267928999999995,9726600,31.476659888888875,31.308877238095103,30.266874160000032,27.849312974999908,32.280319213867195,33.857849,-6.1618682060914205,-0.9876097861328076,0.0
175,2020-07-17,34.610001000000004,35.189999,34.369999,35.009997999999996,33.857849,8461100,31.80009766666665,31.41065199999986,30.382712020000035,27.89185229499991,32.79547882080078,32.997139000000004,-6.3253907618024465,0.0,1.0623701791992204
176,2020-07-20,34.919998,34.919998,33.91,34.119999,32.997139000000004,6514800,32.022528444444426,31.45394061904748,30.492218440000034,27.933750564999915,33.152767181396484,33.393646000000004,-2.8347943931754385,0.15562818139648016,0.0
177,2020-07-21,34.360001000000004,34.889998999999996,34.27,34.529999,33.393646000000004,5001900,32.30943177777776,31.502294999999858,30.59571742000003,27.977677729999915,33.486099243164055,33.751472,-3.0231676428253995,0.09245324316405856,0.0
178,2020-07-22,34.650002,34.959998999999996,34.279999,34.900002,33.751472,4020100,32.68874611111109,31.582885904761767,30.710764220000033,28.021377334999915,33.76202774047852,33.712790999999996,-3.260671043862648,0.0,-0.01055574047851593
179,2020-07-23,34.650002,35.130001,34.27,34.860001000000004,33.712790999999996,6103800,32.9659792222222,31.69617366666652,30.824082760000035,28.065045794999914,33.911266326904304,33.538712,-2.7215566433738974,0.0,-0.19847532690429406
180,2020-07-24,34.900002,35.25,34.511002000000005,34.68,33.538712,4331400,33.19915555555553,31.813606047618908,30.94575704000004,28.108910159999915,33.93993759155273,33.693447,-2.1339746495019183,0.4012255915527376,0.0
181,2020-07-27,34.669998,34.888000000000005,34.490002000000004,34.84,33.693447,4244500,33.36356088888886,31.949919809523674,31.069762360000038,28.153455474999923,34.00661087036133,34.089954,-2.392046870375073,0.3131638703613291,0.0
182,2020-07-28,34.759997999999996,35.389998999999996,34.759997999999996,35.25,34.089954,6037400,33.58921544444442,32.150245809523675,31.19406082000004,28.199009749999913,34.0911865234375,34.399421999999994,-3.2874141179078014,0.0012325234375012428,0.0
183,2020-07-29,35.549999,35.869999,35.400002,35.57,34.399421999999994,6796300,33.714936888888865,32.33122995238081,31.292664180000035,28.245462329999913,34.227344512939446,33.258259,-3.7746850915393515,0.0,0.17207748706054105
184,2020-07-30,35.063,35.5,33.360001000000004,34.389998999999996,33.258259,12148600,33.648315777777746,32.446359999999856,31.386773040000033,28.285096434999915,34.1507568359375,33.248585,-0.6956736580960734,0.0,-0.8924978359374975
185,2020-07-31,34.119999,34.830002,33.830002,34.380001,33.248585,11208900,33.6762542222222,32.57116076190463,31.47438794000003,28.323894044999914,34.00902557373047,33.645092,-1.0790442567745453,0.7604405737304702,0.0
186,2020-08-03,34.473999,35.049999,34.25,34.790001000000004,33.645092,6207300,33.70419266666664,32.708395571428426,31.580051960000034,28.364905969999914,33.987686157226555,33.925549,-2.3061650465989962,0.3425941572265643,0.0
187,2020-08-04,34.790001000000004,35.139998999999996,34.380001,35.080002,33.925549,6284300,33.72353455555553,32.850235571428435,31.686742940000034,28.40579029499991,33.95408248901367,33.635422,-3.2095765302018178,0.0,-0.02853348901367525
188,2020-08-05,35.150002,35.23,34.650002,34.779999,33.635422,3966300,33.71493799999998,32.97595747619034,31.78257184000004,28.44596575499991,33.86285781860352,34.118969,-2.6369787457339515,0.22743581860351725,0.0
189,2020-08-06,34.84,35.330002,34.669998,35.279999,34.118969,5721600,33.77941099999998,33.1334552380951,31.87251130000004,28.48763173999991,33.99274444580078,34.24469000000001,-3.648680812602108,-0.12622455419921866,0.0
190,2020-08-07,35.139998999999996,35.450001,34.98,35.41,34.24469000000001,4163500,33.840660222222205,33.31950509523796,31.969607240000038,28.526727444999914,34.210830688476555,33.645092,-3.386527284731528,0.0,0.03385931152345023
191,2020-08-10,35.330002,35.349998,34.52,34.790001000000004,33.645092,5966500,33.79123111111109,33.43509552380939,32.05316392000004,28.562315194999915,34.275985717773445,33.490359999999995,-1.4774799294388241,0.0,-0.6308937177734393
192,2020-08-11,35.0,35.25,34.490002000000004,34.630001,33.490359999999995,4790500,33.690224222222206,33.53272576190462,32.13449632000004,28.597871049999913,34.28227996826172,34.167324,-1.0041034412279726,0.7919199682617233,0.0
193,2020-08-12,34.889998999999996,35.5,34.764998999999996,35.330002,34.167324,4825800,33.79123144444443,33.625750761904634,32.20992944000004,28.637136254999913,34.309654235839844,34.399421999999994,-2.888048984996255,0.14233023583984306,0.0
194,2020-08-13,35.439999,35.669998,35.132999,35.57,34.399421999999994,5121500,33.91910222222221,33.73719642857129,32.292325620000035,28.677608304999925,34.38515472412109,34.418766,-3.331024109864792,-0.014267275878900419,0.0
195,2020-08-14,35.34,35.66500100000001,35.130001,35.59,34.418766,3107400,34.005065999999985,33.79199819047605,32.371627120000035,28.719243369999923,34.43000030517578,34.747574,-3.259341654465361,0.011234305175783277,0.0
196,2020-08-17,35.68,36.368999,35.54000100000001,35.93,34.747574,7010800,34.096402111111104,33.83436604761891,32.435648500000035,28.760853494999925,34.57184600830078,34.486462,-3.779999976897352,0.0,0.17572799169921893
197,2020-08-18,36.0,36.009997999999996,35.259997999999996,35.66,34.486462,4677600,34.190962111111105,33.90528619047605,32.46833620000005,28.783401934999922,34.738922119140625,34.26403,-2.5829441415013226,0.0,-0.25246011914062194
198,2020-08-19,35.75,35.869999,35.380001,35.43,34.26403,4002500,34.20707999999999,33.946733047618906,32.513402640000045,28.803540119999923,34.836395263671875,33.703117,-1.6754296819873689,0.0,-0.5723652636718768
199,2020-08-20,35.259997999999996,35.310001,34.73,34.849998,33.703117,4553600,34.146905222222216,33.94443042857129,32.55885586000005,28.817535784999922,34.77027130126953,33.422661,-0.2287710281374137,0.0,-1.0671543012695324
200,2020-08-21,34.77,34.900002,34.317001,34.560001,33.422661,4749600,34.12219066666666,33.93061471428557,32.624231220000055,28.832076294999922,34.62422561645508,33.935219000000004,0.18583511168034508,1.2015646164550802,0.0
201,2020-08-24,34.689999,35.09,34.349998,35.09,33.935219000000004,4229900,34.17161944444444,33.949495999999854,32.687865800000054,28.848113339999923,34.44572067260742,34.206005,-1.8360767380808816,0.5105016726074183,0.0
202,2020-08-25,35.310001,35.41,34.915001000000004,35.369999,34.206005,4667800,34.17591733333333,33.973903523809376,32.750726740000054,28.867451439999925,34.35055160522461,34.14798,-2.8822375561146907,0.0,-0.14454660522461182
203,2020-08-26,35.32,35.36000100000001,34.830002,35.310001,34.14798,4382300,34.147979333333325,33.97666666666652,32.800628640000035,28.885896739999925,34.275543212890625,34.001255,-2.929645306748575,0.0,-0.1275632128906281
204,2020-08-27,35.091,35.23500100000001,34.700001,34.759997999999996,34.001255,4432600,34.101589222222216,33.957706333333185,32.846242160000045,28.904025659999924,34.282344818115234,34.118633,-1.3741461719438783,0.2810898181152339,0.0
205,2020-08-28,34.759997999999996,34.91,34.25,34.880001,34.118633,4208500,34.03170688888889,33.99867652380938,32.886853260000045,28.921721524999924,34.32508087158203,34.275139,-1.5909406895314275,0.2064478715820286,0.0
206,2020-08-31,34.860001000000004,35.139998999999996,34.560001,35.040001000000004,34.275139,4479100,34.008226555555545,34.0475600476189,32.924791960000036,28.938716394999922,34.359485626220696,33.394787,-1.9421100295610736,0.0,-0.08434662622070023
207,2020-09-01,34.75,34.779999,33.915001000000004,34.139998999999996,33.394787,6023000,33.911643999999995,34.03564076190461,32.951506440000045,28.960412799999922,34.21091842651367,33.952343,0.2077311909519059,0.8161314265136709,0.0
208,2020-09-02,34.292,34.939999,34.110001000000004,34.709998999999996,33.952343,5114300,33.939335777777764,34.036916666666514,33.003878340000036,28.983301554999922,34.09740829467773,32.817665000000005,-1.7648825208040742,0.0,-0.14506529467773532
209,2020-09-03,34.525002,35.049999,33.27,33.549999,32.817665000000005,8411100,33.87211399999999,33.99797585714271,33.03877900000004,29.001877719999925,33.90544891357422,32.73941,1.0594632613080528,0.0,-1.0877839135742136
210,2020-09-04,33.689999,33.93,33.099998,33.470001,32.73941,6642600,33.73924633333333,33.93228257142842,33.076950040000035,29.018701809999925,33.68381118774414,31.066738,0.6388114172573139,0.0,-0.9444011877441412
211,2020-09-08,33.02,33.189999,31.635,31.76,31.066738,9385800,33.39043888888888,33.78095152380938,33.10062264000004,29.028147954999923,33.195728302001946,30.959139,4.5205551070590415,0.0,-2.1289903020019523
212,2020-09-09,32.0,32.049999,31.25,31.65,30.959139,8372700,33.03612322222221,33.65304899999986,33.10783032000004,29.041044664999923,32.70264434814453,30.822195,3.3258905154645584,0.0,-1.7435053481445308
213,2020-09-10,31.610001,32.23,31.33,31.51,30.822195,7020800,32.68289433333332,33.52599352380938,33.107463660000036,29.051848914999923,32.168800354003906,31.017828,2.0907659600250863,1.3466053540039056,0.0
214,2020-09-11,31.66,32.169998,31.24,31.709999,31.017828,7068200,32.338360444444426,33.37601752380938,33.11526484000004,29.061191289999925,31.73670768737793,31.174337,0.08422796663579163,0.7188796873779282,0.0
215,2020-09-14,31.950001,32.18,31.43,31.870001000000002,31.174337,5246500,31.99382688888888,33.222442047618905,33.12348836000004,29.074084734999925,31.43729019165039,31.272152000000002,-1.3577370403898257,0.2629531916503893,0.0
216,2020-09-15,32.669998,33.93,31.879,31.969998999999998,31.272152000000002,11059300,31.75797855555554,33.072603285714145,33.12999322000004,29.087936484999922,31.43729019165039,30.675470000000004,-1.6662772130509318,0.0,-0.16513819165039226
217,2020-09-16,32.419998,32.43,31.16,31.360001,30.67547,9318800,31.39388155555555,32.878693571428435,33.123597380000035,29.098194824999922,31.45087814331055,29.971186,0.28978679978532657,0.0,-0.7754081433105462
218,2020-09-17,30.93,31.059998999999998,30.110001,30.639999,29.971186,11360200,31.077606111111088,32.66368042857129,33.10679078000004,29.102820154999925,31.25741004943848,29.09083,2.0150491827316217,0.0,-1.2862240494384771
219,2020-09-18,30.700001,30.700001,29.475,29.74,29.09083,16042800,30.672208333333305,32.417337571428426,33.081854520000036,29.103747564999924,30.910030364990234,29.002796000000004,3.9341975957977002,0.0,-1.8192003649902342
220,2020-09-21,29.4,29.700001,29.110001,29.65,29.002796000000004,8388300,30.442881444444428,32.19351276190462,33.037556580000036,29.103155539999925,30.468639373779297,28.591963,2.7610096923416467,0.0,-1.4658433737792933
221,2020-09-22,29.719998999999998,29.870001000000002,29.135,29.23,28.591963,5677000,30.179861888888873,31.963479523809387,32.980593340000034,29.099477009999923,29.93888092041016,28.142006,2.425182758844187,0.0,-1.3469179204101565
222,2020-09-23,29.379998999999998,29.48,28.690001000000002,28.77,28.142006,6527100,29.882063111111087,31.687612238095106,32.899157480000035,29.094299494999913,29.45747184753418,28.210476,2.3895441346339243,1.3154658475341812,0.0
223,2020-09-24,28.719998999999998,29.17,28.565001000000002,28.84,28.210476,5317300,29.57013511111109,31.40211085714272,32.82218574000004,29.085522679999908,29.16261100769043,28.494146,1.1186234663329746,0.9521350076904298,0.0
224,2020-09-25,28.879998999999998,29.219998999999998,28.562,29.129998999999998,28.494146,5704800,29.272336111111088,31.13288066666653,32.72671008000003,29.07839884499991,29.00202178955078,29.178865000000002,-0.4393313245538397,0.5078757895507806,0.0
225,2020-09-28,29.65,29.99,29.43,29.83,29.178865000000002,4840300,29.03974866666664,30.903243047618908,32.633130400000034,29.07601248499991,29.060306549072266,28.944105,-2.5802663457181794,0.0,0.11855845092773265
226,2020-09-29,29.77,29.879998999999998,29.360001,29.59,28.944105,4339600,28.84737477777775,30.65683695238081,32.552069720000034,29.07085690999991,29.10085487365723,29.296246999999997,-1.6530757902763544,0.15674987365722615,0.0
227,2020-09-30,29.610001,30.209999,29.610001,29.950001,29.296246999999997,6047100,28.77238155555553,30.41974685714272,32.47012174000004,29.06905745999991,29.24353218078613,29.707081,-2.358827364359245,-0.05271481921386823,0.0
228,2020-10-01,30.0,30.4,29.665001,30.370001000000002,29.707081,6060100,28.840853888888866,30.24414180952368,32.38923392000004,29.068655239999906,29.47747230529785,29.804895000000002,-2.9388497376149147,-0.2296086947021472,0.0
229,2020-10-02,29.940001000000002,30.58,29.93,30.469998999999998,29.804895000000002,5393600,28.929975999999968,30.046644285714148,32.311076000000035,29.069305174999908,29.713777542114254,30.323328000000004,-2.4818558670964954,-0.09111745788574056,0.0
230,2020-10-05,30.639999,31.07,30.620001000000002,31.0,30.323328000000004,4470800,29.12234988888886,29.927866333333192,32.24676832000004,29.07193726999991,29.91692543029785,30.000532,-3.4937889345230597,0.0,0.4064025697021521
231,2020-10-06,31.02,31.27,30.59,30.67,30.000532,4924100,29.328852777777755,29.797443571428428,32.17291002000004,29.072251514999913,30.140777587890625,30.166819,-1.7255376984329205,0.14024558789062525,0.0
232,2020-10-07,30.799999,31.0,30.5,30.84,30.166819,3869000,29.5462242222222,29.754590285714148,32.094447320000036,29.07189562499991,30.33532524108887,30.538525000000003,-1.6364291793486794,0.16850624108886691,0.0
233,2020-10-08,30.99,31.34,30.9,31.219998999999998,30.538525,4590800,29.773377444444424,29.734561047618907,32.01722938000003,29.07480598499991,30.528770446777344,30.430927,-2.2140569358207145,0.0,0.00975455322265617
234,2020-10-09,31.290001,31.475,31.0,31.110001,30.430927,4100100,29.912495444444424,29.715929238095104,31.96068274000004,29.076896819999924,30.71716499328613,30.959139,-1.262732221428947,0.2862379932861323,0.0
235,2020-10-12,31.43,32.07,31.209999,31.65,30.959139,8796300,30.13638811111109,29.71313452380939,31.91489382000004,29.083271064999913,30.81372833251953,31.702546999999996,-2.6422485544406555,-0.14541066748046916,0.0
236,2020-10-13,31.67,32.459998999999996,31.52,32.41,31.702546999999996,7446800,30.403754777777763,29.738287380952244,31.87604292000004,29.093409259999913,30.999774932861328,31.44822700000001,-4.3512035394590205,0.0,0.702772067138671
237,2020-10-14,32.41,32.869999,31.865,32.150002,31.44822700000001,7808200,30.597215444444426,29.74667190476177,31.82649648000004,29.10185354999991,31.24807929992676,31.59495,-2.80535814608423,-0.20014770007324856,0.0
238,2020-10-15,31.799999,32.32,31.559998999999998,32.299999,31.59495,3685400,30.796110444444427,29.790456666666532,31.785687040000038,29.10906061999991,31.430612564086914,31.458006000000005,-2.691598956127168,0.0,0.1643374359130867
239,2020-10-16,32.380001,32.619999,32.095001,32.16,31.458006,3468100,30.922185777777763,29.86125761904748,31.73246778000004,29.11802303999991,31.645322799682614,31.056955,-1.6003644288475731,0.0,-0.18731679968261614
240,2020-10-19,32.25,32.375999,31.615,31.75,31.056955,4164000,31.03956611111109,29.95488261904748,31.66871308000004,29.126716409999908,31.75412178039551,31.291718000000003,0.012981985497662402,0.6971667803955093,0.0
241,2020-10-20,32.029999,32.32,31.9,31.99,31.291718,3524600,31.164554888888873,30.06387890476177,31.62164560000004,29.13625512999991,31.788244247436523,30.753723000000004,-0.6306838154531885,0.0,-0.496526247436524
242,2020-10-21,31.75,31.9,31.43,31.440001000000002,30.753722999999997,6503600,31.18846577777776,30.16681985714272,31.566912860000038,29.14568470999991,31.666275024414066,30.548306,0.7197010725733238,0.0,-0.9125520244140616
243,2020-10-22,31.43,31.610001,31.059998999999998,31.23,30.548306,5345700,31.201507888888873,30.281405571428433,31.494532500000037,29.15488490499991,31.53411102294922,30.685251,0.9737784916721688,0.9858050229492186,0.0
244,2020-10-23,31.49,31.610001,31.1,31.370001000000002,30.685251,4140600,31.17107588888887,30.399251999999862,31.420249080000037,29.164816754999904,31.36297416687012,29.912495,-0.022399849875303742,0.0,-0.6777231668701162
245,2020-10-26,31.01,31.190001000000002,30.4,30.58,29.912495,5488600,30.972181222222204,30.466792428571292,31.330123660000037,29.170321719999905,31.135601043701172,30.010310999999998,1.8168771867271865,1.2231060437011723,0.0
246,2020-10-27,30.68,30.92,30.514999,30.68,30.010310999999998,5880200,30.812412777777762,30.50638509523796,31.235378400000037,29.174157254999905,30.873598098754886,28.582179999999997,0.6310237899442083,0.0,-0.8632870987548813
247,2020-10-28,30.25,30.35,29.209999,29.219998999999998,28.582179999999997,7781100,30.477660555555534,30.489150571428443,31.117292760000037,29.168177449999906,30.517526626586914,29.384283,4.440546444190202,1.9353466265869133,0.0
248,2020-10-29,29.700001,30.450001,29.42,30.040001,29.384283,7875600,30.24724688888887,30.493342761904625,31.019697820000047,29.16681817999991,30.230846405029297,29.922277,0.6353042565787421,0.8465634050292971,0.0
249,2020-10-30,30.07,30.690001000000002,29.955,30.59,29.922277,10477700,30.12117155555553,30.50359019047605,30.944081020000038,29.167538859999908,29.981822967529297,30.978703000000007,-1.9881563663638544,0.05954596752929575,0.0
250,2020-11-02,31.040001,31.940001000000002,30.860001,31.67,30.97870300000001,7165100,30.08639211111109,30.55948580952367,30.89520186000004,29.176826369999908,30.06689262390137,31.086302000000003,-5.061911512783817,-0.9118103760986394,0.0
251,2020-11-03,31.860001,32.5,31.700001,31.780001000000002,31.086302000000003,5427300,30.123345333333305,30.595817904761766,30.83822352000004,29.18674571999991,30.29619216918945,31.125426999999995,-4.669001838012988,-0.7901098308105503,0.0
252,2020-11-04,32.07,32.490002000000004,31.77,31.82,31.125427000000002,6169600,30.187469888888863,30.649384333333202,30.77661196000004,29.19845611499991,30.73339462280273,31.008047000000005,-3.4148503368864422,0.0,0.39203237719726397
253,2020-11-05,31.860001,32.360001000000004,31.469998999999998,31.700001,31.008046999999998,7920600,30.223336111111088,30.689442809523676,30.713813300000037,29.20953270999991,31.09907150268555,30.851542,-1.8956765878791404,0.0,-0.09102450268554564
254,2020-11-06,31.870001000000002,31.99,31.440001000000002,31.540001,30.851542,4069300,30.327674666666642,30.704348380952244,30.650819040000037,29.22109371499991,31.40086555480957,29.951621999999997,-0.4411396346830486,0.0,-0.5493235548095718
255,2020-11-09,32.389998999999996,32.580002,30.565001000000002,30.620001000000002,29.951621999999997,10642100,30.321153666666643,30.6815243333332,30.567478820000037,29.22843667499991,31.388629913330078,29.814678000000004,2.5102184462047523,0.0,-1.4370079133300775
256,2020-11-10,30.040001,30.549999,29.535,30.48,29.814678000000004,13382400,30.458097888888865,30.62702619047605,30.478269600000036,29.23612725499991,31.01689147949219,30.665688,1.7614549852105876,1.2022134794921833,0.0
257,2020-11-11,30.68,31.379998999999998,30.42,31.35,30.665688,7814500,30.6004762222222,30.57765195238081,30.423687620000038,29.250466009999904,30.80986595153809,30.421144,-1.7229156250778803,0.0,-0.14417795153808655
258,2020-11-12,31.24,31.389999,30.690001000000002,31.1,30.421144,5846000,30.65590588888887,30.528743238095107,30.353063640000038,29.262080484999906,30.686140060424805,30.920012000000003,-1.3307393555472562,0.2649960604248029,0.0
259,2020-11-13,31.27,31.620001000000002,31.049999,31.610001,30.920012,4165900,30.649384666666645,30.4966033333332,30.315110580000038,29.279661694999906,30.635854721069336,31.44822700000001,-3.0817660490762546,-0.2841572789306639,0.0
260,2020-11-16,31.610001,32.27,31.415001,32.150002,31.44822700000001,7456300,30.689598555555534,30.49613766666653,30.28928692000005,29.3001185899999,30.72304725646973,30.900448000000004,-4.438428164111075,0.0,0.7251797435302798
261,2020-11-17,31.83,31.85,31.325001,31.59,30.900447999999997,5109200,30.66460088888887,30.488684952380808,30.285961120000053,29.317836589999903,31.05020904541016,30.939575,-1.7087399638804799,0.14976104541015545,0.0
262,2020-11-18,31.700001,32.419998,31.540001,31.629998999999998,30.939575,7285200,30.65699288888887,30.47191623809511,30.285569840000054,29.334717884999904,31.20172500610352,31.184118,-1.3540120374220874,0.26215000610351424,0.0
263,2020-11-19,31.559998999999998,31.950001,31.4,31.879998999999998,31.184117999999998,6150500,30.693945777777763,30.49241123809511,30.292808300000054,29.354276549999906,31.31285285949707,31.555821999999996,-1.7790030059377706,0.12873485949706875,0.0
264,2020-11-20,31.799999,32.330002,31.75,32.259997999999996,31.555821999999996,9019400,30.872190222222205,30.540388190476055,30.303568180000052,29.373441369999906,31.395566940307614,31.888401,-2.6795756766394896,-0.16025505969238196,0.0
265,2020-11-23,32.369999,32.880001,32.189999,32.599998,31.888401,7282100,31.10260388888887,30.597681047618924,30.31784946000005,29.39356522499991,31.50647735595703,33.091557,-3.3543580096016203,-0.3819236440429705,0.0
266,2020-11-24,32.919998,33.860001000000004,32.720001,33.830002,33.091557,8618400,31.37214488888887,30.749064952380813,30.35423756000005,29.418203269999903,31.78391075134277,32.210564,-6.048155860757049,0.0,1.3076462486572282
267,2020-11-25,33.209998999999996,33.25,32.5,32.540001000000004,32.210564,6040400,31.570969333333306,30.85383890476177,30.384939440000053,29.438295584999906,32.013381958007805,32.507526,-1.6183743878563224,-0.19718204199218548,0.0
268,2020-11-27,32.759997999999996,33.040001000000004,32.619999,32.84,32.507526,2220700,31.747359777777763,31.040760142857014,30.435666240000053,29.470524529999906,32.283077239990234,32.606514000000004,-1.6958671133062393,-0.2244487600097642,0.0
269,2020-11-30,32.615002000000004,32.970001,32.465,32.939999,32.606514000000004,5826100,31.876058333333308,31.194199714285574,30.50597992000005,29.50742467999991,32.458431243896484,32.804489000000004,-1.4619543737797802,-0.14808275610351984,0.0
270,2020-12-01,32.970001,33.220001,32.77,33.139998999999996,32.804489000000004,4623900,32.087618444444416,31.331447904761767,30.582013780000054,29.54320309499991,32.59040069580078,32.448132,-1.6584137621706683,0.0,0.21408830419922253
271,2020-12-02,33.060001,33.32,32.75,32.779999,32.448132,4770100,32.25523588888886,31.401420714285567,30.659137160000054,29.57729357999991,32.56191635131836,33.111351,-0.6652918100505043,0.11378435131835828,0.0
272,2020-12-03,32.84,33.59,32.799999,33.450001,33.111351,4868900,32.46937288888886,31.49785161904748,30.758524060000052,29.61418399999991,32.620861053466804,33.774567,-2.4787441606749234,-0.4904899465332022,0.0
273,2020-12-04,33.759997999999996,34.150002,33.639998999999996,34.119999,33.774567,6146900,32.71590011111109,31.62400114285701,30.86980588000005,29.655141269999913,32.79386520385742,33.25983,-3.8866759525478822,0.0,0.9807017961425756
274,2020-12-07,34.0,34.009997999999996,33.450001,33.599998,33.25983,5240800,32.86828111111109,31.731228904761767,30.96511956000005,29.696481104999908,32.98124313354492,33.99234000000001,-1.8415324502551385,-0.27858686645507896,0.0
275,2020-12-08,33.630001,34.450001,33.490002000000004,34.34,33.99234000000001,6753300,32.96836811111109,31.88079071428557,31.061389060000053,29.744111244999914,33.139556884765625,33.873558,-3.4957574701059357,0.0,0.8527831152343879
276,2020-12-09,34.48,34.599998,33.974998,34.220001,33.873558,5380000,33.15314522222221,32.06754957142843,31.15997812000005,29.793165219999914,33.382335662841804,33.754768,-2.4478822696650604,0.0,0.4912223371582058
277,2020-12-10,34.009997999999996,34.240002000000004,33.880001,34.099998,33.754768,4284600,33.29172766666665,32.255172904761764,31.249148540000053,29.844769154999913,33.557388305664055,33.725075,-1.591230868506024,0.0,0.19737969433593605
278,2020-12-11,33.880001,34.169998,33.799999,34.07,33.725075,3814900,33.41601222222221,32.400857999999864,31.329508420000053,29.897163114999913,33.588478088378906,34.071529,-1.4133311171737424,-0.13659691162109056,0.0
279,2020-12-14,34.16,34.700001,34.139998999999996,34.419998,34.071529,5798500,33.55679444444443,32.57468585714271,31.414841100000054,29.945189199999913,33.68924331665039,33.982445,-2.1230526606933826,0.0,0.3822856833496076
280,2020-12-15,34.419998,34.499001,33.919998,34.330002,33.982445,4687800,33.72727366666665,32.720515999999854,31.488023440000052,29.99544454499991,33.758411407470696,34.081429,-1.6649885209132735,-0.22403359252929533,0.0
281,2020-12-16,34.419998,34.66,34.259997999999996,34.43,34.081429,5738300,33.835060111111105,32.84590657142842,31.569641380000053,30.04173699499991,33.774620056152344,34.269505,-1.9035142139054777,-0.3068089438476562,0.0
282,2020-12-17,34.66,34.779999,34.463001,34.619999,34.269505,4282500,33.89005322222221,33.006337857142704,31.65169510000005,30.088031354999913,33.88051223754883,34.417988,-2.1360103518523266,-0.3889927624511742,0.0
283,2020-12-18,34.880001,35.369999,34.509997999999996,34.77,34.417988,11194700,34.018737444444426,33.17197657142843,31.72928436000005,30.137977424999914,33.982112884521484,34.220013,-2.265996880870057,0.0,0.4358751154785168
284,2020-12-21,34.119999,34.66,34.119999,34.57,34.220013,5183500,34.04403444444442,33.316542999999854,31.805066080000053,30.19664694499991,33.99819564819336,34.041835999999996,-1.6540478791051223,0.0,0.2218173518066422
285,2020-12-22,34.599998,34.810001,34.34,34.389998999999996,34.041835999999996,3717100,34.062731999999976,33.434924619047464,31.866720020000052,30.251891669999914,34.05364227294922,34.447681,-0.978065533095201,0.011806272949215213,0.0
286,2020-12-23,34.444,35.040001000000004,34.444,34.799999,34.447681,3577500,34.1397223333333,33.556795095237945,31.921622700000054,30.313107269999914,34.114112854003906,34.625862,-1.970937257774328,-0.33356814599609663,0.0
287,2020-12-24,34.790001000000004,34.98,34.619999,34.98,34.625862,1575900,34.23980977777775,33.62985723809509,31.985175400000053,30.39048776499991,34.181827545166016,34.853531,-2.281796611875304,-0.4440344548339823,0.0
288,2020-12-28,35.049999,35.41,34.93,35.209998999999996,34.853531,3576000,34.326698888888856,33.75571280952366,32.05034702000005,30.45034369499991,34.271568298339844,34.546673,-2.6652392170194594,0.0,0.581962701660153
289,2020-12-29,35.310001,35.36000100000001,34.73,34.900002,34.546673,3324900,34.38939088888886,33.85281504761889,32.112120360000056,30.51797290999991,34.409622192382805,34.31899600000001,-1.4050996547713324,0.0,0.1370508076171859
290,2020-12-30,34.900002,35.029999,34.639998999999996,34.669998,34.31899600000001,2439300,34.41578722222219,33.93436180952366,32.177361180000055,30.57582439499991,34.47348403930664,34.309101,-0.5668127257848674,0.0,-0.1544880393066279
291,2020-12-31,34.650002,34.715,34.205002,34.66,34.309101,3353600,34.42018677777775,34.006009999999854,32.23770884000005,30.634294634999904,34.4571533203125,33.883453,-0.5852472004832563,0.0,-0.1480523203125017
292,2021-01-04,34.59,34.68,33.91,34.23,33.883453,5824100,34.36079399999997,34.07435861904747,32.30030344000005,30.69736673999991,34.336631774902344,33.230137,0.311515556244075,0.0,-0.4531787749023408
293,2021-01-05,34.286999,34.419998,33.224998,33.57,33.230137,9052900,34.25080777777775,34.080015095237954,32.35394006000005,30.757172264999905,34.05686569213867,33.59639,1.4502999467937792,0.8267286921386727,0.0
294,2021-01-06,33.689999,34.200001,33.41,33.939999,33.59639,6754300,34.20131377777776,34.071530476190325,32.41216284000005,30.826016469999903,33.80209350585937,33.35387,-0.4063214443248076,0.0,-0.20570350585937547
295,2021-01-07,34.02,34.057999,33.445,33.695,33.35387,6487800,34.0797792222222,34.076008571428424,32.480990340000055,30.883051749999904,33.59237670898437,33.279629,-0.3045653391174515,0.0,-0.23850670898437445
296,2021-01-08,33.505001,33.650002,33.209998999999996,33.619999,33.279629,6226300,33.930197777777764,34.04206995238081,32.54637670000005,30.939859019999904,33.38613128662109,32.517426,-0.6956208219366878,0.0,-0.10650228662109383
297,2021-01-11,33.549999,33.665001000000004,32.75,32.849998,32.517426,8799500,33.67063055555554,33.97749223809509,32.62508162000004,30.984215919999905,33.153648376464844,31.85421,0.924354322532514,0.0,-0.6362223764648434
298,2021-01-12,32.849998,32.98,31.719998999999998,32.18,31.85421,10999400,33.371467999999986,33.88698947619033,32.67448016000004,31.02778650499991,32.874290466308594,31.685928000000004,2.1575216479446677,0.0,-1.0200804663085954
299,2021-01-13,32.220001,32.349998,31.985001,32.009997999999996,31.685928000000004,6137600,33.07890488888887,33.78988723809509,32.709753180000035,31.066076669999905,32.579456329345696,31.755222000000003,1.779001452439016,0.8935283293456991,0.0
300,2021-01-14,32.103001,32.299999,31.723000000000006,32.080002,31.755221999999996,8530300,32.79514055555554,33.67958690476176,32.72528356000005,31.106765754999905,32.244338989257805,31.666132000000005,0.5122723784674706,0.0,-0.4891169892578127
301,2021-01-15,31.9,32.290001000000004,31.6,31.99,31.666132,6975000,32.54877155555554,33.56928628571414,32.736880160000055,31.152068879999906,31.955251693725586,32.032387,-0.10862240160804157,0.2891196937255849,0.0
302,2021-01-19,32.139998999999996,32.595001,31.855,32.360001000000004,32.032387,6148600,32.4156882222222,33.47171285714271,32.755019360000055,31.194621094999906,31.79607963562012,32.527325,-1.742649403440645,-0.2363073643798828,0.0
303,2021-01-20,32.330002,32.91,32.169998,32.860001000000004,32.527325,6556300,32.296903222222205,33.38875190476176,32.785404920000055,31.236402274999904,31.844993591308594,32.448132,-3.088884290330393,0.0,0.6823314086914039
304,2021-01-21,32.849998,32.900002,32.380001,32.779999,32.448132,5138100,32.19626566666665,33.294949238095086,32.817336720000036,31.274971354999906,31.96403694152832,32.576817,-2.489207087747856,-0.4840950584716808,0.0
305,2021-01-22,32.549999,33.029999,32.431999,32.91,32.576817,4949100,32.118175444444425,33.216701809523656,32.86984062000004,31.31084266499991,32.11387252807617,33.408314000000004,-2.4191050499052715,-0.4629444719238265,0.0
306,2021-01-25,32.810001,33.790001000000004,32.740002000000004,33.75,33.408314000000004,6447200,32.21716299999999,33.18653409523795,32.941713340000035,31.347482544999913,32.356388092041016,34.041835999999996,-4.12922046802662,-1.0519259079589889,0.0
307,2021-01-26,33.889998999999996,34.41,33.834998999999996,34.389998999999996,34.041835999999996,4664500,32.46023255555554,33.167208142857,33.00923630000004,31.383519264999915,32.708126068115234,34.388294,-4.8905873241949465,-1.3337099318847692,0.0
308,2021-01-27,34.07,35.294998,34.07,34.740002000000004,34.388294,7207300,32.760495444444445,33.15589538095224,33.08857930000005,31.422147449999915,33.05160140991211,33.616188,-4.860105045727672,0.0,1.3366925900878923
309,2021-01-28,34.5,34.990002000000004,33.939999,33.959998999999996,33.616188,6627800,32.96726944444444,33.09697428571414,33.142502820000054,31.454433074999915,33.33501434326172,33.170742,-1.8403553449406305,0.0,0.2811736567382823
310,2021-01-29,33.59,34.349998,33.264998999999996,33.509997999999996,33.170742,6544400,33.134448333333324,33.03145376190462,33.176953120000036,31.486400724999925,33.507442474365234,32.913376,-0.0076261587206561,0.0,-0.3367004743652373
311,2021-02-01,33.459998999999996,33.82,33.220001,33.25,32.913376,5619300,33.232336,32.964519476190326,33.21721168000004,31.511449259999925,33.548099517822266,32.824287,0.896539903224859,0.0,-0.6347235178222661
312,2021-02-02,33.25,34.889998999999996,32.73,33.16,32.824287,8602300,33.26533177777777,32.89381404761891,33.254905920000034,31.535575034999923,33.391735076904304,32.675804,0.698839194524428,0.0,-0.5674480769042987
313,2021-02-03,33.27,33.27,32.77,33.009997999999996,32.675804,4327300,33.29062866666666,32.83630695238081,33.28473964000004,31.559722094999923,33.153121948242195,32.586715999999996,0.4335775732012599,0.0,-0.4773179482421881
314,2021-02-04,33.099998,33.389998999999996,32.849998,32.919998,32.586715999999996,9149400,33.29172855555555,32.80566785714272,33.30535752000004,31.586764894999924,32.89921188354492,33.457806,-0.06314130533992672,0.3124958835449192,0.0
315,2021-02-05,33.330002,34.139998999999996,33.150002,33.799999,33.457806,8081000,33.29722766666666,32.799068619047475,33.33674562000004,31.616778934999925,32.87060165405273,33.566691999999996,-2.749696371136773,-0.5872043459472636,0.0
316,2021-02-08,33.919998,34.02,33.610001000000004,33.91,33.566691999999996,5075900,33.244433888888885,32.809202999999854,33.346248320000036,31.648435224999925,32.956546783447266,33.368717,-2.81171694648402,0.0,0.6101452165527377
317,2021-02-09,33.91,34.099998,33.439999,33.709998999999996,33.368717,4674900,33.131147555555536,32.81344528571414,33.369411380000045,31.675760464999925,33.04415512084961,33.546898,-1.975211803329908,-0.3245618791503873,0.0
318,2021-02-10,33.900002,34.074001,33.705002,33.889998999999996,33.546898,6148000,33.123448666666654,32.86246776190461,33.390198820000045,31.699394404999925,33.189266204833984,35.180195,-2.0676683854904176,-0.3576317951660144,0.0
319,2021-02-11,34.23,36.285999,33.900002,35.54000100000001,35.180195,20381000,33.34672122222221,33.02084799999985,33.44167244000004,31.730049284999925,33.425792694091804,35.031712,-5.948813298874732,0.0,1.7544023059082008
320,2021-02-12,35.74000200000001,36.439999,35.29000100000001,35.389998999999996,35.031712,8821900,33.582091888888876,33.1801710476189,33.48621690000004,31.759484424999922,33.79051971435547,35.002014,-4.519579911953472,0.0,1.24119228564453
321,2021-02-16,35.369999,35.654999,35.150002,35.36000100000001,35.002014,6347800,33.82406155555555,33.33478019047605,33.53729454000003,31.789725714999925,34.07293701171875,36.64521,-3.6398867417488496,-0.9290769882812526,0.0
322,2021-02-17,35.400002,37.139998999999996,35.220001,37.02,36.64521,10648700,34.26510666666666,33.571879142857,33.60797172000003,31.832717444999915,34.47824478149414,38.565567,-6.865897402771102,-2.166965218505858,0.0
323,2021-02-18,37.130001,39.220001,36.860001000000004,38.959998999999996,38.565567,22518600,34.92942344444444,33.88298295238081,33.703791720000034,31.887458864999925,35.100929260253906,37.100552,-9.905210058516934,0.0,3.4646377397460952
324,2021-02-19,38.490002000000004,38.650002,37.18,37.48,37.100552,14349600,35.33417299999999,34.100755666666515,33.78060616000004,31.934827489999915,35.65785598754883,36.853081,-4.861643576443886,0.0,1.4426960124511723
325,2021-02-22,37.360001000000004,37.527,37.060001,37.23,36.853081,6771400,35.69932733333332,34.310515142857,33.83782098000004,31.978763114999914,35.99019241333008,36.744194,-3.330130504082511,0.0,0.862888586669925
326,2021-02-23,37.400002,37.799999,36.470001,37.119999,36.744194,7042800,36.07438033333332,34.508961666666515,33.89523370000004,32.02487499499991,36.34299850463867,37.219334,-2.093212597773314,-0.4011954953613284,0.0
327,2021-02-24,37.009997999999996,37.619999,36.66,37.599998,37.219334,5835600,36.482428777777756,34.690438809523656,33.96452502000004,32.06987817999991,36.58789825439453,36.892677,-2.6917547857461805,0.0,0.6314357456054722
328,2021-02-25,37.93,38.5,37.210999,37.27,36.892677,10442600,36.67270455555555,34.826193142857,34.027877060000044,32.114345904999915,36.57814025878906,36.011688,-1.856344891899492,0.0,0.3145367412109365
329,2021-02-26,37.25,37.41,36.369999,36.380001,36.011688,7889200,36.78159077777777,34.903497619047485,34.06668024000004,32.154170024999914,36.4194450378418,36.7145,0.10842231104335824,0.4077570378417974,0.0
330,2021-03-01,36.779999,37.389998999999996,36.560001,37.09,36.7145,6195000,36.97186699999999,35.051036285714154,34.12132134000004,32.20046753499991,36.367225646972656,36.942169,-1.9487041063018251,-0.3472743530273448,0.0
331,2021-03-02,37.169998,37.630001,36.889998999999996,37.32,36.942169,5416000,37.00486244444443,35.230628047618914,34.178536140000034,32.247712474999915,36.391868591308594,37.59549000000001,-2.48695447130602,-0.5503004086914061,0.0
332,2021-03-03,37.09,38.080002,37.035,37.98,37.59549000000001,6535300,36.89707611111109,35.45358585714273,34.245055840000035,32.29631476999991,36.44504165649414,36.833282000000004,-4.0414911624693435,0.0,1.1504483435058717
333,2021-03-04,38.02,38.880001,36.75,37.209998999999996,36.833282000000004,11281300,36.86737944444441,35.64449038095225,34.293361720000036,32.333134909999906,36.4149169921875,37.466805,-2.13674288949189,-0.41836500781249697,0.0
334,2021-03-05,37.57,38.220001,37.32,37.849998,37.466805,7562700,36.935570999999975,35.87263328571415,34.35829756000004,32.37770485499991,36.58247375488281,38.278503,-3.3488092789785266,-0.8843312451171883,0.0
335,2021-03-08,37.82,38.869999,37.82,38.669998,38.278503,6773700,37.106049777777756,36.14367076190463,34.44303090000003,32.42475816999991,36.82183837890625,38.733849,-4.779311395603769,-1.4566646210937506,0.0
336,2021-03-09,38.849998,39.560001,38.400002,39.130001,38.733849,8738100,37.27432922222221,36.39491090476177,34.528754260000035,32.476617959999906,37.10755157470703,39.109997,-5.168539160765595,-1.626297425292968,0.0
337,2021-03-10,39.619999,39.709998999999996,38.942001,39.509997999999996,39.109997,7272500,37.5206981111111,36.65887780952367,34.61843696000003,32.529212944999905,37.44782257080078,38.470001,-5.219376192322819,0.0,1.6621744291992189
338,2021-03-11,39.009997999999996,39.115002000000004,38.400002,38.470001,38.470001,5938800,37.79384399999999,36.90179609523797,34.690766360000026,32.5773430649999,37.70423889160156,38.110001000000004,-1.9905435105095028,0.0,0.7657621083984409
339,2021-03-12,38.529999,38.59,37.810001,38.110001000000004,38.110001000000004,8965900,37.948899666666655,37.119086714285594,34.76203292000003,32.619783089999906,37.816986083984375,38.529999,-0.7688661987062712,-0.2930149160156219,0.0
340,2021-03-15,38.119999,38.845001,38.075001,38.529999,38.529999,6920100,38.125325222222216,37.27860119047607,34.84625298000003,32.66548361999991,37.85849380493164,38.740002000000004,-1.742811348290863,-0.6715051950683559,0.0
341,2021-03-16,38.630001,38.950001,38.459998999999996,38.740002000000004,38.740002000000004,6485100,38.25249322222222,37.455186428571295,34.93487100000004,32.711847339999906,37.83594131469727,39.080002,-2.3336619479336407,-0.9040606853027312,0.0
342,2021-03-17,38.84,39.145,38.459998999999996,39.080002,39.080002,6270500,38.50212877777777,37.64937633333321,35.03880198000003,32.760128649999906,37.75708770751953,38.939999,-3.3851438709764365,0.0,1.322914292480469
343,2021-03-18,38.93,39.25,38.77,38.939999,38.939999,8068100,38.66581699999999,37.75865199999987,35.152999220000034,32.80285030499991,37.78447341918945,39.139998999999996,-2.9674514907166465,-1.1555255808105471,0.0
344,2021-03-19,38.959998999999996,39.43,38.610001000000004,39.139998999999996,39.139998999999996,9929100,38.76153877777777,37.78600590476177,35.263871400000035,32.84715223499991,37.91250228881836,39.549999,-3.1361695006217127,-1.2274967111816435,0.0
345,2021-03-22,39.040001000000004,39.580002,38.970001,39.549999,39.549999,7236700,38.852222111111104,37.90264623809511,35.38779398000003,32.89263377499991,38.074256896972656,38.919998,-3.7313328453620014,0.0,1.4757421030273434
346,2021-03-23,39.560001,39.639998999999996,38.868,38.919998,38.919998,7663000,38.8311111111111,38.00107085714272,35.50060136000004,32.92950123999991,38.163475036621094,38.23,-1.9437898310758028,0.0,0.7565229633789059
347,2021-03-24,38.84,38.969002,38.220001,38.23,38.23,5564200,38.80444433333332,38.07182352380939,35.61485284000004,32.95639085499991,38.12171936035156,39.200001,-0.2832347361978404,-0.10828063964843436,0.0
348,2021-03-25,38.540001000000004,39.334998999999996,38.029999,39.200001,39.200001,5414800,38.92555544444443,38.16614099999987,35.76176866000004,32.99233731999991,38.11138916015625,40.029999,-2.77707094916592,-1.0886118398437503,0.0
349,2021-03-26,39.349998,40.139998999999996,38.880001,40.029999,40.029999,9964700,39.0922221111111,38.31553728571415,35.92865008000004,33.03533503499991,38.196205139160156,40.779999,-4.581048979890907,-1.8337938608398403,0.0
350,2021-03-29,39.970001,41.16,39.860001000000004,40.779999,40.779999,9905200,39.318888444444426,38.54259971428558,36.109145620000035,33.088465564999915,38.36738204956055,40.279999,-5.916177071116284,0.0,2.4126169504394497
351,2021-03-30,40.900002,41.208,40.18,40.279999,40.279999,8188000,39.452221444444426,38.71238538095224,36.281422960000036,33.136098109999914,38.60745239257813,40.0,-4.1523005187310735,0.0,1.6725466074218716
352,2021-03-31,40.060001,40.360001000000004,39.740002000000004,40.0,40.0,5671400,39.569999333333314,38.857996380952244,36.44077522000004,33.18078331999991,38.89333724975586,40.029999,-2.766656875610352,-1.1066627502441406,0.0
353,2021-04-01,40.071999,40.09,39.370998,40.029999,40.029999,4561000,39.66888822222221,38.973925380952245,36.590828700000046,33.22266888999992,39.12237548828125,40.310001,-2.267358317242892,-0.9076235117187466,0.0
354,2021-04-05,40.080002,40.490002000000004,40.07,40.310001,40.310001,4416500,39.75333288888887,39.13948342857128,36.74806608000005,33.26561599999992,39.2743034362793,40.700001,-2.5693315257439533,-1.0356975637207029,0.0
355,2021-04-06,40.110001000000004,40.794998,40.099998,40.700001,40.700001,4958000,39.951110999999976,39.293445142856996,36.910529760000045,33.308675614999906,39.29883575439453,40.639998999999996,-3.4426663665326918,0.0,1.401165245605469
356,2021-04-07,40.854,40.91,40.389998999999996,40.639998999999996,40.639998999999996,3678200,40.21888866666664,39.405897333333186,37.055163460000045,33.34998458999993,39.33650207519531,40.810001,-3.2074236143674377,-1.3034969248046906,0.0
357,2021-04-08,40.59,40.849998,40.52,40.810001,40.810001,4233200,40.39777755555553,39.50476171428557,37.19052676000004,33.39373927999992,39.465415954589844,40.139998999999996,-3.2947439658483617,0.0,1.344585045410156
358,2021-04-09,40.849998,41.097,39.900002,40.139998999999996,40.139998999999996,5485600,40.409999777777756,39.553809428571284,37.305560860000035,33.43777053499992,39.56291961669922,40.700001,-1.4376666608805453,-0.5770793833007843,0.0
359,2021-04-12,40.310001,40.889998999999996,40.150002,40.700001,40.700001,5609900,40.40111111111109,39.659999904761754,37.44723712000004,33.485907379999915,39.60639190673828,40.919998,-2.6870001631246128,-1.093609093261719,0.0
360,2021-04-13,40.759997999999996,41.25,40.599998,40.919998,40.919998,7243600,40.472222111111094,39.79380928571414,37.60222224000004,33.53635307999993,39.66371536254883,40.27,-3.0700945719771813,0.0,1.2562826374511715
361,2021-04-14,40.575001,40.786999,39.66,40.27,40.27,10340200,40.502222111111095,39.87666647619033,37.749354720000035,33.588287539999925,39.54891586303711,41.049999,-1.7906236328852587,-0.7210841369628938,0.0
362,2021-04-15,40.330002,41.132999,40.299999,41.049999,41.049999,6743000,40.615555444444425,39.986666333333176,37.913868960000045,33.64054375999992,39.53388595581055,41.0,-3.6933327189349088,0.0,1.5161130441894528
363,2021-04-16,41.16,41.470001,40.764998999999996,41.0,41.0,8150100,40.692221999999994,40.078094809523655,38.08035288000005,33.691341119999926,39.622745513916016,40.950001,-3.359157283131669,0.0,1.3772544860839844
364,2021-04-19,40.869999,41.360001000000004,40.455002,40.950001,40.950001,6512900,40.71999977777776,40.17380919047604,38.24761858000005,33.742952279999926,39.69318389892578,41.029999,-3.0691503550249464,-1.256817101074219,0.0
365,2021-04-20,40.84,41.07,40.43,41.029999,41.029999,5857500,40.763333111111095,40.26380919047604,38.399062440000044,33.794286469999925,39.70606994628906,41.580002,-3.22673430655198,-1.323929053710934,0.0
366,2021-04-21,40.77,41.639998999999996,40.77,41.580002,41.580002,6706500,40.84888877777776,40.36047599999985,38.55932864000005,33.847451934999924,39.88277816772461,40.970001,-4.081827202113629,0.0,1.697223832275391
367,2021-04-22,41.470001,41.490002000000004,40.799999,40.970001,40.970001,5643400,40.94111122222221,40.458095190476044,38.71135432000004,33.897325629999926,39.97515869140625,40.41,-2.428221343206102,0.0,0.9948423085937534
368,2021-04-23,40.439999,40.630001,40.189999,40.41,40.41,4725400,40.90888888888888,40.56190471428557,38.84861636000005,33.945318049999926,39.88473129272461,40.130001,-1.2998483228789588,0.0,0.5252687072753872
369,2021-04-26,40.380001,40.599998,39.889998999999996,40.130001,40.130001,7078400,40.82111144444442,40.60619042857128,38.947612480000046,33.994279839999926,39.76319885253906,40.099998,-0.9140347329194872,0.0,0.3668021474609375
370,2021-04-27,40.23,40.529999,40.064999,40.099998,40.099998,3999400,40.80222233333333,40.60952371428557,39.048978200000036,34.03869136499993,39.66640853881836,40.119999,-1.0812705306908994,-0.43358946118164005,0.0
371,2021-04-28,40.259997999999996,40.48,39.959998999999996,40.119999,40.119999,7411400,40.69888899999999,40.578095142856995,39.15133790000005,34.08209073499992,39.47507858276367,41.685001,-1.6074786473357792,-0.6449204172363281,0.0
372,2021-04-29,40.259997999999996,41.98,40.16,41.685001,41.685001,7898400,40.77500022222221,40.644999999999854,39.252133720000046,34.129446744999925,39.41799926757813,41.290001000000004,-5.438411126395018,0.0,2.2670017324218747
373,2021-04-30,41.310001,41.599998,40.759997999999996,41.290001000000004,41.290001000000004,7663700,40.812778,40.70642861904747,39.306622400000045,34.175601434999926,39.54234313964844,41.990002000000004,-4.232641845544056,-1.7476578603515591,0.0
374,2021-05-03,41.52,42.299999,41.509997999999996,41.990002000000004,41.990002000000004,6138100,40.919445,40.79976209523795,39.404411400000036,34.219211799999925,39.826942443847656,42.360001000000004,-5.151368071266919,-2.1630595561523407,0.0
375,2021-05-04,42.09,42.48,41.889998999999996,42.360001000000004,42.360001000000004,6947600,41.00611155555556,40.897381142857,39.51454980000005,34.261722559999924,40.16880798339844,42.470001,-5.172787924630973,-2.1911930166015594,0.0
376,2021-05-05,42.240002000000004,42.509997999999996,41.889998999999996,42.470001,42.470001,4729700,41.17277822222222,40.98166685714271,39.62906594000004,34.30908686999992,40.56693649291992,43.119999,-4.480961766589272,-1.9030645070800816,0.0
377,2021-05-06,42.75,43.200001,42.549999,43.119999,43.119999,5286100,41.47388922222222,41.09976209523796,39.74707924000004,34.35771863499991,40.92278289794922,43.48,-5.095584770423536,-2.1972161020507808,0.0
378,2021-05-07,43.049999,43.599998,42.790001000000004,43.48,43.48,5147600,41.84611133333333,41.22690490476176,39.878825700000036,34.40636127499991,41.29426193237305,43.619999,-5.0269964756829575,-2.18573806762695,0.0
379,2021-05-10,43.529999,44.259997999999996,43.419998,43.619999,43.619999,5437600,42.23722255555555,41.39261919047605,40.03099192000004,34.45589731499991,41.62876892089844,43.255001,-4.564947557888671,0.0,1.9912300791015625
380,2021-05-11,43.720001,43.860001000000004,42.630001,43.255001,43.255001,5816700,42.58555611111111,41.51428585714272,40.16180194000004,34.50447875999991,41.84394454956055,42.919998,-3.2621810607274133,0.0,1.4110564504394532
381,2021-05-12,43.139998999999996,43.630001,42.84,42.919998,42.919998,4770500,42.722778000000005,41.60952395238081,40.28135852000004,34.55061151499992,42.00006103515625,43.82,-2.1433760664288704,-0.9199369648437496,0.0
382,2021-05-13,42.82,44.049999,42.785,43.82,43.82,5055300,43.003889,41.77857157142843,40.405848720000044,34.599261744999914,42.08503723144531,,-3.9592943143648736,,
