date,date,open,high,low,close,adj_close,volume,9-day,21-day,50-day,200-day,adj_close_1_days,true_adj_close_1_days,buy_profit,sell_profit
2019-08-20,2019-08-20,12.0,13.8,11.4,12.96,12.96,196810,11.49333333333386,11.414285714286416,12.18840002000024,13.669199990000145,9.811048,12.66,0.0,3.1489524459838876
2019-08-21,2019-08-21,12.96,14.76,12.18,12.66,12.66,261032,11.65333333333386,11.440000000000701,12.177600020000238,13.531799995000144,10.125773,12.599999999999998,0.0,2.5342265701293947
2019-08-22,2019-08-22,12.66,13.02,12.36,12.6,12.6,60983,11.800000000000527,11.477142857143559,12.06960002000024,13.429200000000144,10.394114,12.299999999999999,0.0,2.2058864593505856
2019-08-23,2019-08-23,12.6,12.66,12.0,12.3,12.3,55657,11.866666666667193,11.502857142857845,11.943600020000238,13.326000005000145,10.597169,12.66,-1.7028310775756843,0.0
2019-08-26,2019-08-26,12.6,13.14,12.42,12.66,12.66,71502,12.013333333333858,11.557142857143559,11.838000000000235,13.221000005000144,10.7753315,13.02,-1.8846685028076173,0.0
2019-08-27,2019-08-27,12.9,13.2,12.6,13.02,13.02,52722,12.226666666667192,11.645714285714988,11.811600000000235,13.125600015000144,10.838102,13.74,-2.1818976593017574,0.0
2019-08-28,2019-08-28,13.02,14.22,12.66,13.74,13.74,120765,12.533333333333857,11.757142857143558,11.834400000000235,13.032300005000144,10.891707,13.68,0.0,2.848292579650879
2019-08-29,2019-08-29,14.22,15.0,13.5,13.68,13.68,178493,12.80666666666719,11.894285714286415,11.862000000000235,12.947700005000142,11.136959,14.4,-2.5430409240722653,0.0
2019-08-30,2019-08-30,13.74,14.64,13.38,14.4,14.4,192527,13.113333333333857,12.054285714286413,11.914800000000234,12.876900010000142,11.416993,15.66,-2.983006858825684,0.0
2019-09-03,2019-09-03,14.7,16.620001000000002,14.4,15.66,15.66,311690,13.413333333333858,12.248571428572129,12.002400000000234,12.823200010000141,11.860286,15.18,0.0,3.799714241027832
2019-09-04,2019-09-04,16.200001,16.26,14.58,15.18,15.18,173093,13.69333333333386,12.45142857142927,12.076800000000233,12.77910001000014,12.309107,15.06,0.0,2.870893173217773
2019-09-05,2019-09-05,15.6,15.9,14.94,15.06,15.06,100062,13.966666666667193,12.645714285714984,12.142800000000232,12.72240001000014,12.637784,16.139999,-2.4222159957885747,0.0
2019-09-06,2019-09-06,15.0,16.139999,14.4,16.139999,16.139999,144668,14.393333222222745,12.882857095238792,12.24119998000023,12.669300005000139,12.864945,16.26,-3.2750535883178706,0.0
2019-09-09,2019-09-09,16.200001,17.4,16.139999,16.26,16.26,149522,14.793333222222746,13.12285709523879,12.34199998000023,12.61560000500014,13.261328,14.52,0.0,2.998672256469728
2019-09-10,2019-09-10,16.139999,16.200001,13.5,14.52,14.52,176760,14.959999888889412,13.277142809524506,12.40319998000023,12.55320000500014,13.23684,14.52,0.0,0.0
2019-09-11,2019-09-11,14.7,15.0,13.86,14.52,14.52,188107,15.04666655555608,13.411428523810219,12.455999980000229,12.46379999500014,13.059846,12.36,0.0,1.4601540756225582
2019-09-12,2019-09-12,11.52,13.62,11.46,12.36,12.36,158388,14.89999988888941,13.459999952381649,12.471599980000228,12.366600000000142,12.521531,13.32,0.16153110504150447,0.0
2019-09-13,2019-09-13,12.42,13.74,12.24,13.32,13.32,159600,14.779999888889408,13.565714238095934,12.506399980000229,12.267899995000143,12.081645,13.08,0.0,1.2383549880981448
2019-09-16,2019-09-16,13.2,13.26,12.6,13.08,13.08,89575,14.493333222222743,13.665714238095932,12.52799998000023,12.174599995000143,11.500995,13.259999999999998,-1.5790053176879884,0.0
2019-09-17,2019-09-17,12.66,13.56,12.6,13.26,13.26,87332,14.279999888889408,13.762857095238788,12.53759998000023,12.078899985000145,11.152497,13.800000000000002,-2.1075027084350584,0.0
2019-09-18,2019-09-18,13.56,14.82,12.9,13.8,13.8,175293,14.13999988888941,13.865714238095931,12.566399980000229,12.005399985000146,11.043902,13.5,0.0,2.756097602844239
2019-09-19,2019-09-19,14.52,14.52,13.38,13.5,13.5,95928,13.846666666667186,13.891428523810218,12.598799980000228,11.944499985000148,11.339878,13.2,0.0,2.1601219177246094
2019-09-20,2019-09-20,13.8,13.8,12.66,13.2,13.2,102223,13.506666666667186,13.917142809524503,12.61919998000023,11.885099985000148,11.4214735,13.140000000000002,0.0,1.7785264968872063
2019-09-23,2019-09-23,13.74,13.8,13.14,13.14,13.14,53097,13.353333333333854,13.942857095238786,12.64199998000023,11.824499985000145,11.489204,13.2,-1.6507955932617193,0.0
2019-09-24,2019-09-24,13.5,13.5,12.78,13.2,13.2,59577,13.206666666667187,13.985714238095929,12.657599980000231,11.763299980000145,11.523037,14.22,-1.67696304321289,0.0
2019-09-25,2019-09-25,13.32,14.64,12.18,14.22,14.22,136145,13.413333333333856,14.059999952381641,12.677999980000232,11.688899980000144,11.498561,14.04,0.0,2.7214390945434577
2019-09-26,2019-09-26,15.42,16.799999,10.02,14.04,14.04,613907,13.493333333333858,14.108571380953073,12.70439998000023,11.619599980000144,11.555274,9.72,0.0,2.4847259902954093
2019-09-27,2019-09-27,12.48,12.6,9.0,9.72,9.72,486458,13.120000000000523,13.917142809524503,12.653999980000231,11.535599980000143,11.157793,2.85,0.0,-1.4377930450439447
2019-09-30,2019-09-30,7.87,8.62,1.95,2.85,2.85,3371900,11.963333333333857,13.401428523810218,12.470999980000231,11.389349990000142,9.805145,2.19,0.0,-6.955145263671875
2019-10-01,2019-10-01,3.24,3.25,2.17,2.19,2.19,1859400,10.673333333333856,12.819999952381647,12.279599980000233,11.244899990000143,7.983175,1.91,0.0,-5.793174800872803
2019-10-02,2019-10-02,2.3,2.3,1.85,1.91,1.91,1624700,9.385555555556078,12.165238047619743,12.075399980000231,11.08974999500014,5.995082,2.02,4.085081901550293,0.0
2019-10-03,2019-10-03,1.79,2.16,1.7,2.02,2.02,1453600,8.143333333333855,11.538571380953076,11.87939998000023,10.92974999500014,3.9369752,1.93,0.0,-1.9169752407073974
2019-10-04,2019-10-04,2.15,2.44,1.83,1.93,1.93,2596300,6.8977777777783,10.913333285714982,11.68279998000023,10.78040000000014,2.4599311,1.8700000000000003,0.0,-0.5299311351776124
2019-10-07,2019-10-07,1.95,1.95,1.85,1.87,1.87,991800,5.6388888888894115,10.233809523810221,11.48979998000023,10.62985000000014,1.8956885,1.28,0.0,-0.025688533782958878
2019-10-08,2019-10-08,1.64,1.683,1.22,1.28,1.28,2777100,4.201111111111634,9.520476190476888,11.29219998000023,10.49435000500014,1.6880805,1.7199999999999998,0.4080805492401123,0.0
2019-10-09,2019-10-09,1.58,2.04,1.39,1.72,1.72,19764400,2.832222222222745,8.910952380953077,11.09859998000023,10.361950000000139,1.611394,1.59,0.0,0.10860595226287839
2019-10-10,2019-10-10,1.69,1.81,1.53,1.59,1.59,4053600,1.9288888888894116,8.295238095238792,10.914399980000233,10.330900000000138,1.5495765,1.53,0.0,0.040423479080200275
2019-10-11,2019-10-11,1.58,1.6,1.45,1.53,1.53,1370000,1.7822222222227448,7.779523809524505,10.724199980000233,10.304050000000139,1.4456117,1.44,0.0,0.08438828468322757
2019-10-14,2019-10-14,1.49,1.56,1.41,1.44,1.44,1265400,1.6988888888894116,7.21380952381022,10.521399980000233,10.28275000000014,1.3646905,1.53,-0.07530945777893061,0.0
2019-10-15,2019-10-15,1.43,1.55,1.3,1.53,1.53,2202500,1.6566666666671894,6.66380952381022,10.333599980000233,10.26280000000014,1.3690751,2.07,-0.16092494010925296,0.0
2019-10-16,2019-10-16,1.64,2.73,1.53,2.07,2.07,10504100,1.662222222222745,6.130952380953077,10.155399980000233,10.24675000000014,1.453752,1.82,0.0,0.6162479591369627
2019-10-17,2019-10-17,2.05,2.1,1.79,1.82,1.82,1954200,1.6500000000005228,5.560476190476886,9.968599980000233,10.218950000000142,1.5013316,2.15,-0.31866843223571784,0.0
2019-10-18,2019-10-18,1.81,2.19,1.75,2.15,2.15,3151700,1.6811111111116337,5.020000000000696,9.787199980000231,10.174500000000142,1.5684808,2.01,0.0,0.5815191507339477
2019-10-21,2019-10-21,2.13,2.38,1.95,2.01,2.01,1811800,1.762222222222745,4.487142857143553,9.601799980000232,10.117050000000141,1.6704366,1.9700000000000002,0.0,0.3395633792877195
2019-10-22,2019-10-22,1.98,2.05,1.88,1.97,1.97,615100,1.790000000000523,3.955238095238791,9.407199980000234,10.06240000000014,1.7568616,1.91,0.0,0.21313843250274656
2019-10-23,2019-10-23,1.9,1.989,1.75,1.91,1.91,946400,1.8255555555560785,3.417619047619743,9.218599980000235,10.014050000000141,1.7579973,1.9,0.0,0.1520027256011962
2019-10-24,2019-10-24,1.9,1.92,1.82,1.9,1.9,420400,1.8666666666671894,2.8309523809530766,9.034599980000234,9.967150000000142,1.7499872,1.76,0.0,0.15001275539398184
2019-10-25,2019-10-25,1.9,1.9,1.74,1.76,1.76,807800,1.902222222222745,2.2461904761911717,8.850199980000234,9.923450000000143,1.7289951,1.67,0.0,0.031004915237426767
2019-10-28,2019-10-28,1.73,1.78,1.67,1.67,1.67,431200,1.9177777777783003,1.8628571428578387,8.659199980000233,9.880500000000144,1.6634297,1.5,0.0,0.006570262908935476
2019-10-29,2019-10-29,1.6,1.609,1.47,1.5,1.5,917500,1.8544444444449668,1.7985714285721244,8.456399980000233,9.840000000000144,1.5920962,1.52,0.09209620952606201,0.0
2019-10-30,2019-10-30,1.48,1.53,1.42,1.52,1.52,385100,1.8211111111116334,1.7666666666673627,8.227599980000234,9.801700000000142,1.5243249,1.6199999999999999,0.004324893951415998,0.0
2019-10-31,2019-10-31,1.53,1.77,1.51,1.62,1.62,965400,1.7622222222227446,1.752857142857839,8.006799980000233,9.766900000000142,1.476237,1.52,0.0,0.14376294136047374
2019-11-01,2019-11-01,1.6,1.6,1.46,1.52,1.52,583900,1.7077777777783003,1.729047619048315,7.785199980000232,9.728000000000144,1.4304838,1.52,0.0,0.0
2019-11-04,2019-11-04,1.53,1.58,1.48,1.52,1.52,337400,1.6577777777783005,1.7095238095245058,7.569599980000231,9.689100000000144,1.399912,1.4499999999999997,0.0,0.1200880002975464
2019-11-05,2019-11-05,1.53,1.53,1.44,1.45,1.45,507700,1.6066666666671894,1.689523809524506,7.345399980000231,9.652250000000144,1.3910509,1.31,0.0,0.058949065208435014
2019-11-06,2019-11-06,1.45,1.45,1.28,1.31,1.31,1603100,1.5411111111116338,1.6909523809530775,7.111199980000231,9.615900000000144,1.3710918,1.16,0.0,-0.061091842651367134
2019-11-07,2019-11-07,1.3,1.3,1.12,1.16,1.16,1764600,1.4744444444449671,1.6642857142864107,6.859599980000231,9.579400000000144,1.3063322,1.0,0.0,-0.1463322305679322
2019-11-08,2019-11-08,1.21,1.21,1.0,1.0,1.0,3773900,1.4000000000005228,1.6361904761911725,6.605999980000231,9.543000000000143,1.2293313,0.841,0.0,-0.22933125495910645
2019-11-11,2019-11-11,0.87,0.88,0.755,0.841,0.841,3488600,1.3267777777783005,1.6033809523816487,6.334819980000232,9.506105000000144,1.1076406,0.69,0.0,-0.2666406240463257
2019-11-12,2019-11-12,0.8340000000000001,0.8340000000000001,0.68,0.69,0.69,3103200,1.2345555555560783,1.5676666666673629,6.035419980000231,9.468455000000143,0.9788088,0.5730000000000001,0.0,-0.2888088202476502
2019-11-13,2019-11-13,0.67,0.6809999999999999,0.531,0.573,0.573,3775900,1.118222222222745,1.5220952380959343,5.7432799800002305,9.429920000000145,0.84693384,0.5700000000000001,0.0,-0.2739338417053223
2019-11-14,2019-11-14,0.5479999999999999,0.65,0.51,0.57,0.57,5252200,1.0126666666671893,1.4506666666673629,5.45347998000023,9.370370000000143,0.73280346,0.56,0.0,-0.1628034639358521
2019-11-15,2019-11-15,0.601,0.601,0.54,0.56,0.56,2410900,0.9060000000005228,1.3906666666673628,5.1418800000002305,9.320070000000143,0.6438578,0.41100000000000003,0.0,-0.08385777711868281
2019-11-18,2019-11-18,0.544,0.544,0.4,0.41100000000000003,0.41100000000000003,5849800,0.7905555555560784,1.3078571428578392,4.8249000000002304,9.269325000000144,0.58207154,0.36,0.0,-0.17107154273986813
2019-11-19,2019-11-19,0.37,0.41600000000000004,0.35,0.36,0.36,4609000,0.6850000000005227,1.2292857142864104,4.5417000000002306,9.220725000000144,0.5142939,0.29,0.0,-0.154293909072876
2019-11-20,2019-11-20,0.365,0.365,0.28,0.29,0.29,6729300,0.5883333333338561,1.1492857142864106,4.25710000000023,9.170575000000145,0.46335253,0.309,0.1733525311946869,0.0
2019-11-21,2019-11-21,0.32,0.344,0.28,0.309,0.309,11009900,0.5115555555560783,1.0730476190483154,4.016080000000231,9.119920000000144,0.41594216,0.28300000000000003,0.0,-0.10694216227531433
2019-11-22,2019-11-22,0.3,0.3,0.273,0.28300000000000003,0.28300000000000003,8557500,0.44955555555607835,0.9960476190483154,3.75534000000023,9.082935000000143,0.3562347,0.266,0.0,-0.07323469948768613
2019-11-25,2019-11-25,0.285,0.29,0.25,0.266,0.266,5926100,0.40244444444496724,0.9249047619054581,3.4990600000002297,9.045265000000144,0.31621537,0.309,0.0502153661251068,0.0
2019-11-26,2019-11-26,0.252,0.319,0.235,0.309,0.309,16663700,0.3731111111116339,0.8600952380959344,3.2400400000002296,9.007510000000144,0.2905134,0.358,-0.01848660373687744,0.0
2019-11-27,2019-11-27,0.40399999999999997,0.47,0.35,0.358,0.358,40658200,0.34955555555607837,0.8057142857149819,2.9712000000002297,8.969100000000145,0.28423688,0.379,-0.073763121843338,0.0
2019-11-29,2019-11-29,0.37,0.38,0.33,0.379,0.379,8567600,0.3294444444449673,0.7513809523816487,2.7087800000002296,8.931395000000144,0.269056,0.42500000000000004,-0.10994400763511658,0.0
2019-12-02,2019-12-02,0.42,0.449,0.39,0.425,0.425,17114500,0.3310000000005228,0.6944761904768868,2.4532800000002295,8.894520000000144,0.26208335,0.44,-0.16291664838790892,0.0
2019-12-03,2019-12-03,0.42,0.48,0.391,0.44,0.44,11425600,0.3398888888894117,0.6430476190483153,2.1992800000002295,8.857720000000144,0.26555565,0.426,0.0,0.17444435000419617
2019-12-04,2019-12-04,0.442,0.456,0.42100000000000004,0.426,0.426,6206500,0.35500000000052284,0.5909523809530773,1.9438000000002296,8.820250000000144,0.30904037,0.402,0.0,0.11695963239669799
2019-12-05,2019-12-05,0.418,0.43,0.373,0.402,0.402,8959300,0.36533333333385615,0.5410476190483153,1.6674400000002296,8.782060000000143,0.36899602,0.41,-0.03300397586822512,0.0
2019-12-06,2019-12-06,0.41100000000000003,0.42,0.385,0.41,0.41,3958600,0.3794444444449673,0.4981904761911725,1.3948400000002295,8.745110000000144,0.37977287,0.386,0.0,0.030227128267288184
2019-12-09,2019-12-09,0.405,0.41,0.382,0.386,0.386,5744600,0.39277777777830064,0.4613333333340296,1.2081600000002295,8.707440000000144,0.39776754,0.39299999999999996,0.0117675437927246,0.0
2019-12-10,2019-12-10,0.4,0.414,0.385,0.39299999999999996,0.39299999999999996,5570200,0.40211111111163395,0.4324285714292677,1.1590200000002293,8.670705000000144,0.4028153,0.375,0.0,-0.009815312147140542
2019-12-11,2019-12-11,0.395,0.409,0.373,0.375,0.375,4502700,0.40400000000052283,0.41023809523879157,1.1227200000002293,8.634480000000144,0.3979376,0.35,0.0,-0.0229375958442688
2019-12-12,2019-12-12,0.389,0.389,0.33399999999999996,0.35,0.35,6125400,0.4007777777783006,0.3940476190483154,1.0915200000002294,8.599030000000143,0.3979284,0.34,0.0,-0.04792838692665102
2019-12-13,2019-12-13,0.344,0.35600000000000004,0.336,0.34,0.34,2694300,0.39133333333385617,0.38295238095307726,1.0579200000002296,8.563830000000143,0.38547853,0.39299999999999996,0.045478526353836035,0.0
2019-12-16,2019-12-16,0.37,0.415,0.35,0.39299999999999996,0.39299999999999996,14104500,0.38611111111163393,0.37452380952450587,1.0271800000002296,8.529795000000142,0.3827908,0.38799999999999996,0.0,0.010209196090698203
2019-12-17,2019-12-17,0.408,0.43,0.385,0.38799999999999996,0.38799999999999996,8235000,0.38188888888941164,0.3663333333340296,0.9975400000002296,8.494835000000142,0.3775949,0.384,0.0,0.010405111789703325
2019-12-18,2019-12-18,0.38,0.39,0.365,0.384,0.384,4576500,0.37988888888941164,0.3650476190483154,0.9796200000002295,8.461955000000142,0.36811006,0.363,0.0,0.015889939308166512
2019-12-19,2019-12-19,0.385,0.385,0.355,0.363,0.363,4180900,0.3746666666671894,0.3651904761911725,0.9524800000002296,8.426870000000141,0.36539552,0.40499999999999997,0.002395516157150279,0.0
2019-12-20,2019-12-20,0.38,0.425,0.375,0.405,0.405,17129600,0.3767777777783005,0.370666666667363,0.9287800000002295,8.393495000000142,0.36757317,0.39000000000000007,0.0,0.03742682814598086
2019-12-23,2019-12-23,0.406,0.406,0.381,0.39,0.39,4711900,0.3764444444449672,0.3745238095245058,0.9059800000002295,8.359145000000142,0.37979496,0.38799999999999996,0.0,0.010205044746398939
2019-12-24,2019-12-24,0.39,0.39399999999999996,0.371,0.38799999999999996,0.38799999999999996,2236800,0.37788888888941163,0.3795238095245058,0.8849400000002295,8.32478500000014,0.37632197,0.403,-0.011678028583526567,0.0
2019-12-26,2019-12-26,0.39,0.409,0.375,0.40299999999999997,0.40299999999999997,4161900,0.3837777777783005,0.38604761904831536,0.8624000000002294,8.290200000000143,0.3753078,0.39999999999999997,0.0,0.027692201614379852
2019-12-27,2019-12-27,0.41,0.41,0.392,0.4,0.4,3471000,0.39044444444496723,0.3903809523816487,0.8290000000002294,8.256200000000142,0.38560343,0.579,-0.014396572113037132,0.0
2019-12-30,2019-12-30,0.41,0.5870000000000001,0.406,0.579,0.579,26588700,0.4111111111116339,0.40090476190545826,0.8041800000002294,8.223995000000142,0.421485,0.52,0.0,0.15751499319076534
2019-12-31,2019-12-31,0.5870000000000001,0.636,0.49,0.52,0.52,14734300,0.4257777777783005,0.407619047619744,0.7715800000002295,8.190895000000141,0.42951465,0.511,0.0,0.09048535346984865
2020-01-02,2020-01-02,0.47200000000000003,0.52,0.449,0.511,0.511,9503800,0.43988888888941163,0.411714285714982,0.7416000000002296,8.148750000000142,0.41812113,0.539,-0.09287887072563172,0.0
2020-01-03,2020-01-03,0.49,0.569,0.48,0.539,0.539,7979900,0.45944444444496724,0.4164285714292677,0.7129800000002297,8.10974500000014,0.41660467,0.69,-0.12239533209800724,0.0
2020-01-06,2020-01-06,0.545,0.7,0.539,0.69,0.69,20322400,0.49111111111163386,0.42900000000069627,0.6885800000002297,8.075095000000141,0.4410797,0.637,0.0,0.24892029404640192
2020-01-07,2020-01-07,0.68,0.69,0.59,0.637,0.637,9715500,0.5185555555560782,0.4401904761911725,0.6633200000002297,8.041980000000143,0.49424285,0.593,0.0,0.14275715303421022
2020-01-08,2020-01-08,0.604,0.639,0.58,0.593,0.593,4841100,0.541333333333856,0.4489047619054582,0.6399800000002296,8.009545000000143,0.50706154,0.67,-0.08593845891952512,0.0
2020-01-09,2020-01-09,0.59,0.728,0.555,0.67,0.67,10371600,0.5710000000005228,0.4624285714292678,0.6199800000002296,7.977795000000143,0.5300717,0.6250000000000001,0.0,0.13992832422256474
2020-01-10,2020-01-10,0.675,0.68,0.62,0.625,0.625,4547800,0.5960000000005228,0.47347619047688677,0.6024800000002295,7.945820000000143,0.555802,0.5800000000000001,0.0,0.06919801235198975
2020-01-13,2020-01-13,0.614,0.62,0.562,0.58,0.58,4870500,0.5961111111116338,0.4832380952387916,0.5836800000002296,7.912720000000142,0.57926583,0.6000000000000001,-0.0007341670989989835,0.0
2020-01-14,2020-01-14,0.6,0.63,0.581,0.6,0.6,2884200,0.6050000000005227,0.49514285714355344,0.5632800000002295,7.880920000000142,0.57926106,0.6650000000000001,-0.020738935470581032,0.0
2020-01-15,2020-01-15,0.6,0.695,0.59,0.665,0.665,12880000,0.6221111111116338,0.5106190476197439,0.5461800000002295,7.849745000000142,0.5850673,0.6970000000000001,-0.07993272781372074,0.0
2020-01-16,2020-01-16,0.66,0.718,0.629,0.6970000000000001,0.6970000000000001,9020500,0.6396666666671894,0.5250952380959343,0.5297200000002296,7.8184300000001405,0.5962188,0.728,-0.10078117561340338,0.0
2020-01-17,2020-01-17,0.73,0.8390000000000001,0.71,0.728,0.728,21466400,0.6438888888894115,0.5412857142864105,0.5152800000002296,7.787570000000141,0.5993497,0.69,0.0,0.12865032243728636
2020-01-21,2020-01-21,0.72,0.7290000000000001,0.66,0.69,0.69,5559100,0.6497777777783003,0.555857142857839,0.5028800000002296,7.75772000000014,0.59784377,0.7070000000000001,-0.09215623378753657,0.0
2020-01-22,2020-01-22,0.68,0.755,0.65,0.7070000000000001,0.7070000000000001,6723400,0.662444444444967,0.5722380952387914,0.49382000000022963,7.72795500000014,0.59789765,0.6979999999999998,0.0,0.10910235118865974
2020-01-23,2020-01-23,0.73,0.735,0.685,0.698,0.698,3022700,0.665555555556078,0.5861904761911725,0.48778000000022964,7.67954500000014,0.61857456,0.67,0.0,0.07942544031143184
2020-01-24,2020-01-24,0.698,0.733,0.66,0.67,0.67,6225100,0.670555555556078,0.5995238095245058,0.48436000000022966,7.6192950000001405,0.63284993,0.5920000000000002,0.0,0.037150068283081095
2020-01-27,2020-01-27,0.66,0.684,0.58,0.5920000000000001,0.5920000000000001,4600600,0.6718888888894115,0.6092380952387915,0.4824000000002296,7.568255000000141,0.6444735,0.629,0.052473493099212565,0.0
2020-01-28,2020-01-28,0.6,0.64,0.5710000000000001,0.629,0.629,3477700,0.6751111111116336,0.6200000000006962,0.4835200000002296,7.520100000000141,0.63148224,0.5900000000000001,0.0,-0.0024822435379028285
2020-01-29,2020-01-29,0.62,0.64,0.5820000000000001,0.59,0.59,2084600,0.6667777777783003,0.6290476190483153,0.4839200000002296,7.45465000000014,0.6205805,0.535,0.0,-0.030580494403839142
2020-01-30,2020-01-30,0.588,0.59,0.525,0.535,0.535,3879600,0.6487777777783003,0.6269523809530771,0.4834200000002296,7.394325000000141,0.59552175,0.53,0.0,-0.060521748065948455
2020-01-31,2020-01-31,0.515,0.545,0.5,0.53,0.53,3117400,0.6267777777783003,0.6274285714292676,0.4858000000002296,7.339375000000141,0.5737258,0.52,0.0,-0.04372581958770749
2020-02-03,2020-02-03,0.52,0.5589999999999999,0.51,0.52,0.52,1879000,0.6078888888894115,0.627857142857839,0.48900000000022964,7.281975000000141,0.55945295,0.5510000000000002,0.03945295095443724,0.0
2020-02-04,2020-02-04,0.525,0.569,0.522,0.551,0.551,2217300,0.5905555555560782,0.6284285714292677,0.49422000000022964,7.22653000000014,0.54903734,0.5440000000000002,0.0,0.001962662696838424
2020-02-05,2020-02-05,0.5720000000000001,0.573,0.531,0.544,0.544,1666000,0.573444444444967,0.6214761904768867,0.4989200000002296,7.17465000000014,0.5408215,0.535,0.0,0.0031785073280334863
2020-02-06,2020-02-06,0.54,0.54,0.521,0.535,0.535,1481300,0.5584444444449671,0.6166190476197438,0.5039600000002296,7.12152500000014,0.54111123,0.511,0.0,-0.0061112308502196955
2020-02-07,2020-02-07,0.53,0.54,0.505,0.511,0.511,1883100,0.5494444444449671,0.6127142857149819,0.5088600000002296,7.06918000000014,0.54362804,0.56,0.032628036975860586,0.0
2020-02-10,2020-02-10,0.52,0.57,0.51,0.56,0.56,2622100,0.5417777777783006,0.6074761904768867,0.5138800000002296,7.0185800000001395,0.5458785,0.6070000000000001,-0.014121470451355034,0.0
2020-02-11,2020-02-11,0.581,0.649,0.565,0.607,0.607,5232200,0.5436666666671894,0.6066190476197438,0.5188600000002296,6.970315000000139,0.5546735,0.568,0.0,0.0523265070915222
2020-02-12,2020-02-12,0.624,0.624,0.5529999999999999,0.568,0.568,2476500,0.5473333333338561,0.6060476190483153,0.5226400000002296,6.916155000000138,0.55774534,0.56,0.0,0.01025466251373286
2020-02-13,2020-02-13,0.568,0.62,0.55,0.56,0.56,2013300,0.5506666666671893,0.6041428571435533,0.5253400000002295,6.862255000000139,0.56070346,0.565,0.0007034564018248979,0.0
2020-02-14,2020-02-14,0.59,0.59,0.55,0.565,0.565,1540200,0.5556666666671894,0.5993809523816486,0.5278400000002295,6.808680000000139,0.56784284,0.54,0.0,-0.002842841148376518
2020-02-18,2020-02-18,0.575,0.575,0.535,0.54,0.54,2076800,0.5544444444449672,0.591904761905458,0.5301200000002295,6.756180000000139,0.57251227,0.535,0.0,-0.03251226902008053
2020-02-19,2020-02-19,0.546,0.555,0.5,0.535,0.535,1887600,0.5534444444449673,0.5827142857149819,0.5327800000002295,6.70365500000014,0.56814176,0.54,0.03314175844192502,0.0
2020-02-20,2020-02-20,0.5429999999999999,0.568,0.526,0.54,0.54,2382000,0.5540000000005229,0.5755714285721248,0.5353800000002295,6.64965500000014,0.5608709,0.517,0.0,-0.020870885848998988
2020-02-21,2020-02-21,0.53,0.54,0.515,0.517,0.517,1835500,0.5546666666671896,0.5665238095245057,0.5380000000002295,6.5961400000001404,0.55218303,0.511,0.0,-0.03518303203582762
2020-02-24,2020-02-24,0.5,0.52,0.455,0.511,0.511,3001700,0.549222222222745,0.5576190476197438,0.5403600000002294,6.54019500000014,0.5381857,0.46399999999999997,0.0,-0.027185715675353994
2020-02-25,2020-02-25,0.48,0.51,0.46,0.46399999999999997,0.46399999999999997,1616900,0.5333333333338561,0.54780952381022,0.5421400000002294,6.480415000000139,0.52427506,0.4170000000000001,0.0,-0.06027506446838382
2020-02-26,2020-02-26,0.461,0.46399999999999997,0.414,0.41700000000000004,0.41700000000000004,2073400,0.5165555555560783,0.5394761904768866,0.5434800000002294,6.424600000000139,0.5076982,0.41100000000000003,0.0,-0.09069817829132076
2020-02-27,2020-02-27,0.37,0.41600000000000004,0.361,0.41100000000000003,0.41100000000000003,2534800,0.5000000000005228,0.5290952380959342,0.5449000000002294,6.36875500000014,0.48191628,0.45,0.07091627860069272,0.0
2020-02-28,2020-02-28,0.391,0.46,0.391,0.45,0.45,3735900,0.487222222222745,0.5224285714292675,0.5460400000002295,6.3131050000001405,0.46348438,0.478,0.013484376668930043,0.0
2020-03-02,2020-03-02,0.45,0.495,0.44,0.478,0.478,1828300,0.48033333333385614,0.5197142857149818,0.5478400000002295,6.257895000000141,0.45836097,0.48700000000000004,-0.01963902997970579,0.0
2020-03-03,2020-03-03,0.54,0.58,0.479,0.48700000000000004,0.48700000000000004,5491800,0.4750000000005228,0.5176666666673627,0.5499000000002294,6.205130000000142,0.46299264,0.462,0.0,0.024007361650466963
2020-03-04,2020-03-04,0.48,0.488,0.45,0.462,0.462,1847100,0.46633333333385607,0.514904761905458,0.5518800000002294,6.155240000000141,0.46594828,0.485,0.003948283672332742,0.0
2020-03-05,2020-03-05,0.44,0.51,0.431,0.485,0.485,3164700,0.46277777777830054,0.5117619047626009,0.5534800000002293,6.1048650000001405,0.47762227,0.46,0.0,0.007377729415893541
2020-03-06,2020-03-06,0.461,0.485,0.442,0.46,0.46,1526700,0.4571111111116338,0.5077619047626009,0.5548800000002294,6.054065000000142,0.4849288,0.3950000000000001,0.0,-0.024928786754608134
2020-03-09,2020-03-09,0.434,0.434,0.385,0.395,0.395,1781300,0.44944444444496706,0.5010952380959341,0.5550200000002293,6.003240000000142,0.47600627,0.39999999999999997,0.08100626945495604,0.0
2020-03-10,2020-03-10,0.419,0.43,0.35,0.4,0.4,1631100,0.44755555555607823,0.4958095238102199,0.5549600000002293,5.953940000000142,0.46286014,0.36099999999999993,0.0,-0.06286013722419737
2020-03-11,2020-03-11,0.4,0.402,0.35,0.361,0.361,1320600,0.44200000000052264,0.48633333333402945,0.5541800000002294,5.904445000000143,0.4482664,0.32799999999999996,0.0,-0.08726638698577882
2020-03-12,2020-03-12,0.311,0.34,0.3,0.32799999999999996,0.32799999999999996,1386000,0.4284444444449671,0.47304761904831516,0.5491600000002294,5.854185000000142,0.42660972,0.306,0.0,-0.09860972476005558
2020-03-13,2020-03-13,0.315,0.34,0.29,0.306,0.306,1571200,0.409333333333856,0.4605714285721247,0.5448800000002294,5.804715000000142,0.4016713,0.26,0.0,-0.09567129039764405
2020-03-16,2020-03-16,0.293,0.293,0.26,0.26,0.26,1351700,0.38411111111163376,0.44628571428641034,0.5398600000002294,5.754715000000142,0.37931472,0.292,0.11931472063064574,0.0
2020-03-17,2020-03-17,0.27699999999999997,0.32,0.265,0.292,0.292,1598800,0.3652222222227448,0.4332857142864104,0.5349200000002294,5.698575000000142,0.3606681,0.275,0.0,-0.06866809296607973
2020-03-18,2020-03-18,0.29,0.3,0.26,0.275,0.275,1065700,0.3418888888894115,0.4206666666673628,0.5266200000002293,5.642950000000142,0.34446612,0.297,0.06946612000465391,0.0
2020-03-19,2020-03-19,0.29,0.31,0.28,0.297,0.297,831700,0.3237777777783004,0.4093333333340295,0.5198200000002293,5.590735000000142,0.34050584,0.306,0.04350583839416505,0.0
2020-03-20,2020-03-20,0.32,0.335,0.3,0.306,0.306,1362300,0.3138888888894115,0.39819047619117226,0.5140800000002294,5.538265000000142,0.34205693,0.28800000000000003,0.0,-0.036056930065155035
2020-03-23,2020-03-23,0.265,0.335,0.26,0.28800000000000003,0.28800000000000003,1420700,0.30144444444496704,0.3872857142864104,0.5064400000002294,5.485705000000142,0.34427133,0.305,0.05627133202552792,0.0
2020-03-24,2020-03-24,0.32,0.325,0.29,0.305,0.305,1279100,0.29522222222274486,0.3774761904768866,0.5000400000002293,5.431730000000143,0.34852427,0.304,0.0,-0.04352427244186402
2020-03-25,2020-03-25,0.315,0.317,0.293,0.304,0.304,1193800,0.2925555555560782,0.3698571428578389,0.49452000000022933,5.373550000000144,0.3522047,0.35,0.048204710245132454,0.0
2020-03-26,2020-03-26,0.321,0.37,0.3,0.35,0.35,2787200,0.2974444444449671,0.3666666666673627,0.4895200000002293,5.3093000000001425,0.35780686,0.3,0.0,-0.00780686140060427
2020-03-27,2020-03-27,0.35,0.355,0.28800000000000003,0.3,0.3,3373900,0.3018888888894115,0.36138095238164847,0.48222000000022935,5.220800000000143,0.35806462,0.295,0.0,-0.058064621686935436
2020-03-30,2020-03-30,0.29,0.306,0.28,0.295,0.295,1547500,0.30222222222274486,0.3540000000006961,0.4741800000002294,5.129275000000144,0.3564031,0.281,0.0,-0.06140311241149904
2020-03-31,2020-03-31,0.3,0.304,0.27,0.281,0.281,1416000,0.3028888888894115,0.3446190476197437,0.46524000000022936,5.040979995000143,0.3503428,0.28300000000000003,0.06934281015396115,0.0
2020-04-01,2020-04-01,0.28300000000000003,0.29600000000000004,0.278,0.28300000000000003,0.28300000000000003,1216400,0.3013333333338559,0.334904761905458,0.4571000000002294,4.970694995000143,0.34526968,0.28,0.0,-0.06226968002319333
2020-04-02,2020-04-02,0.293,0.295,0.278,0.28,0.28,1181700,0.2984444444449671,0.3262380952387914,0.4485600000002294,4.909094995000142,0.34041634,0.28,0.0,0.0
2020-04-03,2020-04-03,0.289,0.289,0.27699999999999997,0.28,0.28,951900,0.2975555555560782,0.3164761904768866,0.4402000000002294,4.848994995000143,0.33816588,0.289,0.05816587924957273,0.0
2020-04-06,2020-04-06,0.285,0.295,0.278,0.289,0.289,1014900,0.2957777777783004,0.30833333333402946,0.4325800000002294,4.791639995000143,0.33813325,0.315,0.04913324570655825,0.0
2020-04-07,2020-04-07,0.3,0.32,0.285,0.315,0.315,1476500,0.2970000000005226,0.30452380952450564,0.42704000000022946,4.736814995000143,0.3416197,0.307,0.0,-0.02661970019340515
2020-04-08,2020-04-08,0.33,0.33,0.3,0.307,0.307,1153000,0.29222222222274485,0.30009523809593425,0.4206000000002294,4.6810499950001425,0.34717572,0.311,0.040175717353820806,0.0
2020-04-09,2020-04-09,0.315,0.32,0.301,0.311,0.311,1010800,0.2934444444449671,0.2977142857149819,0.41502000000022937,4.623804995000143,0.35140347,0.317,0.04040347480773926,0.0
2020-04-13,2020-04-13,0.326,0.326,0.301,0.317,0.317,931100,0.29588888888941156,0.29719047619117234,0.4106600000002294,4.569289995000143,0.35679865,0.32,0.03979864883422851,0.0
2020-04-14,2020-04-14,0.32,0.35,0.31,0.32,0.32,1794100,0.30022222222274486,0.29785714285783904,0.40646000000022936,4.514789995000143,0.36291662,0.42000000000000004,0.04291661858558654,0.0
2020-04-15,2020-04-15,0.32899999999999996,0.449,0.32,0.42,0.42,8872700,0.3154444444449671,0.3054761904768866,0.4044600000002294,4.459589995000143,0.37323084,0.431,-0.04676915526390074,0.0
2020-04-16,2020-04-16,0.445,0.54,0.418,0.431,0.431,11553500,0.3322222222227449,0.31209523809593426,0.40206000000022946,4.402344995000143,0.3871878,0.465,-0.04381219124794006,0.0
2020-04-17,2020-04-17,0.44,0.5,0.44,0.465,0.465,3546500,0.3527777777783004,0.3211428571435533,0.40048000000022943,4.346769995000143,0.3977049,0.42999999999999994,0.0,0.06729510068893435
2020-04-20,2020-04-20,0.45,0.45,0.41,0.43,0.43,2087700,0.36844444444496705,0.32747619047688664,0.39838000000022944,4.291019995000142,0.40498275,0.3950000000000001,0.0,0.025017254352569573
2020-04-21,2020-04-21,0.415,0.42,0.37,0.395,0.395,1682900,0.377333333333856,0.3317142857149819,0.39606000000022945,4.232994995000142,0.4140984,0.34,0.0,-0.019098411798477155
2020-04-22,2020-04-22,0.4,0.447,0.32,0.34,0.34,16577400,0.38100000000052264,0.33419047619117237,0.3916600000002295,4.170794995000143,0.4240148,0.322,0.0,-0.0840148067474365
2020-04-23,2020-04-23,0.321,0.325,0.3,0.322,0.322,5313800,0.3822222222227449,0.3350000000006962,0.38596000000022945,4.110604995000142,0.40671495,0.311,0.0,-0.08471494603157043
2020-04-24,2020-04-24,0.33,0.33,0.302,0.311,0.311,5804800,0.3815555555560782,0.3353333333340295,0.3808200000002294,4.052759995000143,0.37165257,0.32,0.060652573347091676,0.0
2020-04-27,2020-04-27,0.32899999999999996,0.32899999999999996,0.304,0.32,0.32,4602100,0.3815555555560782,0.3339047619054581,0.37602000000022945,3.9934599950001433,0.34025717,0.319,0.0,-0.020257167816162103
2020-04-28,2020-04-28,0.31,0.33,0.305,0.319,0.319,4071300,0.37033333333385593,0.33480952381022,0.3711000000002294,3.935054995000143,0.32302535,0.317,0.0,-0.004025345802307123
2020-04-29,2020-04-29,0.322,0.324,0.31,0.317,0.317,3498000,0.35766666666718927,0.3358571428578391,0.36664000000022945,3.874539995000143,0.3369536,0.313,0.0,-0.019953610181808468
2020-04-30,2020-04-30,0.311,0.32,0.305,0.313,0.313,3623400,0.34077777777830043,0.33738095238164856,0.36220000000022945,3.810104995000143,0.33930594,0.336,0.02630593729019165,0.0
2020-05-01,2020-05-01,0.31,0.345,0.305,0.336,0.336,24470000,0.33033333333385595,0.3399047619054581,0.3581200000002294,3.748184995000143,0.33752283,0.344,0.0015228345394134313,0.0
2020-05-04,2020-05-04,0.36,0.37799999999999995,0.326,0.344,0.344,22211600,0.3246666666671893,0.3429523809530772,0.35466000000022946,3.688704995000143,0.32269788,0.34,0.0,0.02130212211608884
2020-05-05,2020-05-05,0.35200000000000004,0.353,0.316,0.34,0.34,8476700,0.3246666666671893,0.34580952381022,0.3512400000002295,3.630404995000143,0.29743347,0.33399999999999996,0.0,0.042566534280777
2020-05-06,2020-05-06,0.34,0.361,0.33,0.33399999999999996,0.33399999999999996,8090000,0.3260000000005226,0.3479523809530771,0.3486400000002295,3.5732749950001432,0.2741878,0.33,0.0,0.059812196731567346
2020-05-07,2020-05-07,0.335,0.342,0.32,0.33,0.33,5510900,0.3281111111116337,0.34866666666736285,0.3469000000002294,3.5143249950001434,0.26844624,0.315,0.0,0.06155376315116884
2020-05-08,2020-05-08,0.321,0.324,0.306,0.315,0.315,6789700,0.3275555555560782,0.3490476190483152,0.34498000000022944,3.4567999950001433,0.3048944,0.33,-0.010105612277984621,0.0
2020-05-11,2020-05-11,0.311,0.342,0.311,0.33,0.33,6221300,0.3287777777783004,0.3499523809530771,0.34258000000022937,3.3996499950001438,0.3306079,0.335,0.0006078910827636563,0.0
2020-05-12,2020-05-12,0.336,0.345,0.33,0.335,0.335,3971400,0.3307777777783004,0.35080952381021996,0.3397200000002294,3.343724995000144,0.33538917,0.313,0.0,-0.00038916707038877396
2020-05-13,2020-05-13,0.315,0.33,0.3,0.313,0.313,5407700,0.3307777777783004,0.3504761904768866,0.3362400000002294,3.289489995000144,0.3362229,0.301,0.0,-0.02322288703918457
2020-05-14,2020-05-14,0.305,0.317,0.29,0.301,0.301,5614600,0.32688888888941153,0.34480952381021995,0.33302000000022935,3.233994995000144,0.33270344,0.3,0.0,-0.03170344138145448
2020-05-15,2020-05-15,0.302,0.314,0.295,0.3,0.3,4235300,0.32200000000052265,0.3385714285721247,0.3293200000002294,3.1814949950001443,0.3339335,0.305,0.033933502435684215,0.0
2020-05-18,2020-05-18,0.303,0.309,0.3,0.305,0.305,4126700,0.3181111111116338,0.3309523809530771,0.3262200000002294,3.127819995000144,0.3328857,0.315,0.02788571238517762,0.0
2020-05-19,2020-05-19,0.306,0.33,0.302,0.315,0.315,9321600,0.3160000000005227,0.32547619047688664,0.3246200000002294,3.0714949950001444,0.32672027,0.31,0.0,-0.01172026753425598
2020-05-20,2020-05-20,0.319,0.32,0.302,0.31,0.31,6155400,0.31377777777830046,0.3214285714292676,0.3228200000002294,3.018444995000144,0.3247539,0.319,0.014753910303115847,0.0
2020-05-21,2020-05-21,0.319,0.32,0.305,0.319,0.319,5673300,0.3142222222227449,0.3204285714292676,0.32198000000022936,2.965139995000144,0.32413757,0.312,0.0,-0.005137568473815912
2020-05-22,2020-05-22,0.317,0.344,0.3,0.312,0.312,18542800,0.31222222222274487,0.31995238095307715,0.32166000000022943,2.910899995000144,0.3173762,0.33,0.005376196384429932,0.0
2020-05-26,2020-05-26,0.325,0.342,0.316,0.33,0.33,19321700,0.31166666666718934,0.32085714285783906,0.32214000000022935,2.856449995000144,0.3047546,0.32299999999999995,0.0,0.025245385169982926
2020-05-27,2020-05-27,0.33,0.33899999999999997,0.312,0.32299999999999995,0.32299999999999995,11254200,0.3127777777783004,0.3210000000006962,0.32340000000022934,2.801664995000144,0.29276618,0.312,0.0,0.03023381638526912
2020-05-28,2020-05-28,0.321,0.32299999999999995,0.307,0.312,0.312,9495700,0.3140000000005226,0.3206666666673628,0.3238000000002293,2.744724995000144,0.27373165,0.31,0.0,0.03826835107803345
2020-05-29,2020-05-29,0.32,0.321,0.303,0.31,0.31,11747100,0.31511111111163376,0.32033333333402947,0.3245000000002293,2.6895749950001435,0.26262406,0.23,0.0,0.04737594485282898
2020-06-01,2020-06-01,0.25,0.3,0.17,0.23,0.23,49609400,0.3067777777783004,0.31638095238164854,0.3231600000002293,2.6352249950001436,0.25394017,0.22100000000000003,0.0,-0.023940165042877187
2020-06-02,2020-06-02,0.23,0.23,0.215,0.221,0.221,10876700,0.296333333333856,0.31090476190545807,0.3214600000002293,2.5814299950001436,0.2223755,0.223,0.0013754972219467143,0.0
2020-06-03,2020-06-03,0.225,0.228,0.215,0.223,0.223,12129000,0.28666666666718926,0.30514285714355327,0.32016000000022926,2.5264449950001433,0.17721331,0.225,-0.04578668880462647,0.0
2020-06-04,2020-06-04,0.226,0.23,0.22,0.225,0.225,12654000,0.27622222222274484,0.2996666666673628,0.3185600000002293,2.4693699950001435,0.14173204,0.25,-0.08326796293258668,0.0
2020-06-05,2020-06-05,0.23,0.264,0.225,0.25,0.25,34627000,0.26933333333385595,0.2956666666673628,0.3174800000002293,2.4058199950001433,0.1330544,0.284,-0.11694559454917908,0.0
2020-06-08,2020-06-08,0.267,0.297,0.255,0.284,0.284,24227100,0.26422222222274483,0.2934761904768866,0.3161600000002293,2.3439399950001434,0.1894809,0.299,-0.09451909923553464,0.0
2020-06-09,2020-06-09,0.289,0.299,0.27,0.299,0.299,15604300,0.2615555555560782,0.29271428571498187,0.31614000000022935,2.282434995000143,0.1719063,0.281,0.0,0.12709369266033171
2020-06-10,2020-06-10,0.31,0.31,0.28,0.281,0.281,14576400,0.25811111111163376,0.2903809523816485,0.3158600000002293,2.222339995000143,0.16316374,0.25,0.0,0.11783626353740695
2020-06-11,2020-06-11,0.259,0.264,0.23,0.25,0.25,9716300,0.25144444444496705,0.28633333333402944,0.31524000000022934,2.160289995000143,0.1667796,0.27,-0.08322040736675262,0.0
2020-06-12,2020-06-12,0.27,0.272,0.25,0.27,0.27,6369500,0.2558888888894115,0.2842857142864104,0.31498000000022935,2.096539995000143,0.21788688,0.27,0.0,0.0
2020-06-15,2020-06-15,0.26,0.27,0.255,0.27,0.27,5553500,0.26133333333385594,0.28280952381021995,0.31478000000022943,2.029189995000143,0.2472327,0.273,-0.022767294645309466,0.0
2020-06-16,2020-06-16,0.267,0.28,0.265,0.273,0.273,8316400,0.26688888888941154,0.2815238095245057,0.31464000000022946,1.962154995000143,0.26278904,0.251,0.0,0.010210959196090719
2020-06-17,2020-06-17,0.266,0.26899999999999996,0.251,0.251,0.251,6806600,0.2697777777783004,0.2789523809530771,0.3138800000002295,1.8914099950001428,0.27264464,0.245,0.0,-0.021644639015197753
2020-06-18,2020-06-18,0.25,0.253,0.243,0.245,0.245,5691100,0.2692222222227449,0.2756190476197438,0.31248000000022946,1.8143349950001428,0.27723724,0.23,0.0,-0.03223723649978638
2020-06-19,2020-06-19,0.252,0.255,0.23,0.23,0.23,6014600,0.2632222222227449,0.27180952381022,0.3109400000002294,1.7395849950001427,0.27252796,0.233,0.04252796292304992,0.0
2020-06-22,2020-06-22,0.245,0.245,0.23,0.233,0.233,7405700,0.2558888888894116,0.2677142857149819,0.30938000000022947,1.665449995000143,0.26742133,0.254,0.03442133498191832,0.0
2020-06-23,2020-06-23,0.233,0.26899999999999996,0.23199999999999998,0.254,0.254,57935500,0.2528888888894116,0.26495238095307716,0.30812000000022943,1.586020000000143,0.24964306,0.24699999999999997,0.0,0.00435694241523743
2020-06-24,2020-06-24,0.27699999999999997,0.281,0.242,0.247,0.247,42286300,0.2525555555560782,0.2610000000006962,0.3066600000002294,1.5059550000001432,0.19850081,0.235,0.0,0.04849918794631958
2020-06-25,2020-06-25,0.23600000000000002,0.24,0.215,0.235,0.235,23707100,0.2486666666671893,0.25680952381022,0.30296000000022943,1.4345300000001433,0.12462628,0.23,0.0,0.11037372112274169
2020-06-26,2020-06-26,0.23,0.235,0.223,0.23,0.23,8553900,0.24422222222274487,0.25290476190545813,0.29894000000022947,1.3630800000001435,0.061463974,0.222,0.0,0.16853602558374406
2020-06-29,2020-06-29,0.225,0.22899999999999998,0.22,0.222,0.222,9342100,0.23855555555607819,0.24871428571498194,0.29408000000022944,1.3023900000001434,0.04649665,0.22,0.0,0.1755033516585827
2020-06-30,2020-06-30,0.225,0.22699999999999998,0.21100000000000002,0.22,0.22,8994600,0.23511111111163377,0.24823809523879145,0.28988000000022945,1.2368900000001435,0.13992716,0.225,-0.08007283627986908,0.0
2020-07-01,2020-07-01,0.22,0.24,0.21899999999999997,0.225,0.225,9982000,0.23288888888941153,0.2484285714292676,0.28648000000022944,1.1726150000001434,0.20193323,0.22100000000000003,0.0,0.023066765069961553
2020-07-02,2020-07-02,0.23,0.235,0.218,0.221,0.221,5271500,0.23188888888941156,0.24833333333402954,0.28410000000022945,1.1074200000001435,0.22949958,0.21899999999999994,0.0,-0.008499578475952146
2020-07-06,2020-07-06,0.22,0.225,0.21100000000000002,0.21899999999999997,0.21899999999999997,6120400,0.23033333333385597,0.24804761904831527,0.2820400000002295,1.0395150000001434,0.23017804,0.205,0.0,-0.011178043246269254
2020-07-07,2020-07-07,0.21600000000000003,0.218,0.201,0.205,0.205,9866000,0.22488888888941153,0.24590476190545812,0.2799200000002295,0.9730400000001435,0.23262481,0.20899999999999996,0.027624813914299023,0.0
2020-07-08,2020-07-08,0.207,0.214,0.203,0.209,0.209,7559400,0.22066666666718934,0.24233333333402957,0.2777000000002295,0.9080850000001435,0.23405905,0.22,0.025059050679206857,0.0
2020-07-09,2020-07-09,0.222,0.22399999999999998,0.213,0.22,0.22,7348400,0.2190000000005227,0.23857142857212477,0.27572000000022945,0.8434850000001436,0.23602724,0.21600000000000003,0.0,-0.016027240753173827
2020-07-10,2020-07-10,0.221,0.23,0.213,0.21600000000000003,0.21600000000000003,5765700,0.21744444444496716,0.2354761904768867,0.2737000000002294,0.7785650000001436,0.2300678,0.201,0.0,-0.014067804455757116
2020-07-13,2020-07-13,0.21,0.21600000000000003,0.2,0.201,0.201,7294900,0.21511111111163383,0.23314285714355334,0.27146000000022946,0.7084700000001436,0.22767113,0.196,0.0,-0.02667113149166106
2020-07-14,2020-07-14,0.201,0.203,0.185,0.196,0.196,6412300,0.2124444444449672,0.22961904761974383,0.26866000000022944,0.6392500000001436,0.23175913,0.214,0.035759130954742424,0.0
2020-07-15,2020-07-15,0.20199999999999999,0.21600000000000003,0.195,0.214,0.214,8399900,0.211222222222745,0.2269523809530772,0.26606000000022945,0.5917200000001437,0.23284054,0.20899999999999996,0.0,-0.018840538024902348
2020-07-16,2020-07-16,0.218,0.22,0.205,0.209,0.209,6927100,0.20988888888941165,0.22390476190545816,0.26344000000022944,0.5785150000001437,0.23123342,0.207,0.0,-0.022233417987823495
2020-07-17,2020-07-17,0.209,0.214,0.205,0.207,0.207,5814700,0.20855555555607833,0.22180952381022004,0.26090000000022945,0.5686000000001437,0.22686988,0.248,0.0198698811531067,0.0
2020-07-20,2020-07-20,0.213,0.256,0.205,0.248,0.248,28509800,0.21333333333385607,0.22195238095307718,0.2592600000002295,0.5602900000001437,0.22451854,0.39999999999999997,-0.023481462478637694,0.0
2020-07-21,2020-07-21,0.259,0.495,0.25,0.4,0.4,218196700,0.23455555555607827,0.23004761904831528,0.26096000000022945,0.5521900000001437,0.16553123,0.315,0.0,0.23446876704692843
2020-07-22,2020-07-22,0.376,0.38,0.282,0.315,0.315,71203900,0.2451111111116338,0.23395238095307722,0.2606600000002295,0.5441150000001437,-0.008011266,0.284,0.0,0.32301126565784216
2020-07-23,2020-07-23,0.299,0.3,0.28,0.284,0.284,21718100,0.2526666666671893,0.2353809523816486,0.25964000000022947,0.5361850000001437,-0.2070972,0.377,-0.49109720253944394,0.0
2020-07-24,2020-07-24,0.28,0.408,0.28,0.377,0.377,103793900,0.27222222222274484,0.2415714285721248,0.26092000000022947,0.5316700000001436,-0.35883752,0.6280000000000001,-0.7358375151157379,0.0
2020-07-27,2020-07-27,0.45,0.76,0.41,0.628,0.628,400540000,0.3202222222227448,0.2602857142864105,0.26746000000022946,0.5262100000001437,-0.43337044,0.72,-1.0613704411983491,0.0
2020-07-28,2020-07-28,0.752,0.958,0.674,0.72,0.72,301529400,0.37644444444496705,0.2836190476197438,0.2758600000002295,0.5218600000001437,-0.4060742,0.5900000000000001,0.0,1.126074196100235
2020-07-29,2020-07-29,0.588,0.6509999999999999,0.5,0.59,0.59,113739000,0.41877777777830033,0.3011428571435533,0.28156000000022946,0.5171600000001437,-0.81737983,0.5539999999999999,0.0,1.407379832267761
2020-07-30,2020-07-30,0.5489999999999999,0.648,0.54,0.5539999999999999,0.5539999999999999,42415100,0.45733333333385595,0.31704761904831524,0.28634000000022947,0.5127300000001437,-1.1853689,0.515,0.0,1.7393688955307005
2020-07-31,2020-07-31,0.55,0.59,0.51,0.515,0.515,24991200,0.48700000000052257,0.330857142857839,0.29044000000022946,0.5076550000001437,-1.091264,0.53,-1.6062640094757081,0.0
2020-08-03,2020-08-03,0.51,0.55,0.451,0.53,0.53,36680200,0.5014444444449669,0.34557142857212475,0.29466000000022946,0.49995500000014376,-0.34609136,0.504,0.0,0.8760913598537445
2020-08-04,2020-08-04,0.535,0.545,0.5,0.504,0.504,14253600,0.522444444444967,0.3591428571435533,0.29850000000022947,0.4933750000001438,0.16162288,0.491,0.0,0.34237711811065674
2020-08-05,2020-08-05,0.505,0.51,0.48,0.491,0.491,14179400,0.545444444444967,0.37276190476260096,0.3017200000002294,0.4850800000001438,0.32711053,0.461,0.0,0.16388947105407714
2020-08-06,2020-08-06,0.495,0.495,0.455,0.461,0.461,13042900,0.5547777777783004,0.384761904762601,0.30448000000022946,0.4773350000001437,0.3596556,0.55,-0.10134441113471987,0.0
2020-08-07,2020-08-07,0.47,0.599,0.456,0.55,0.55,56282500,0.5461111111116337,0.4004761904768867,0.30924000000022944,0.47023500000014373,0.37017697,0.7049999999999998,-0.17982302904129033,0.0
2020-08-10,2020-08-10,0.8,0.802,0.64,0.705,0.705,106573100,0.544444444444967,0.42376190476260106,0.31714000000022946,0.46421000000014373,0.39007244,0.6000000000000001,0.0,0.3149275648593902
2020-08-11,2020-08-11,0.662,0.67,0.59,0.6,0.6,27780000,0.5455555555560782,0.442761904762601,0.3245400000002294,0.45771000000014367,0.30498978,0.598,0.0,0.2950102150440216
2020-08-12,2020-08-12,0.588,0.602,0.55,0.598,0.598,16054500,0.550444444444967,0.4619047619054582,0.3320800000002294,0.45190000000014363,0.2264892,0.623,-0.3715107988119125,0.0
2020-08-13,2020-08-13,0.647,0.648,0.58,0.623,0.623,18520800,0.562444444444967,0.48138095238164863,0.3400800000002295,0.44666500000014364,0.21003902,0.565,0.0,0.41296098041534424
2020-08-14,2020-08-14,0.57,0.58,0.55,0.565,0.565,15214200,0.5663333333338558,0.49833333333402957,0.34688000000022945,0.44199000000014366,0.31374702,0.49700000000000005,0.0,0.2512529814243316
2020-08-17,2020-08-17,0.53,0.532,0.48100000000000004,0.49700000000000005,0.49700000000000005,15973500,0.565555555556078,0.5121428571435533,0.35182000000022945,0.4368750000001437,0.45281583,0.485,0.0,0.044184169292450004
2020-08-18,2020-08-18,0.508,0.514,0.47,0.485,0.485,13063100,0.5648888888894114,0.5234285714292677,0.3558400000002295,0.43120000000014364,0.45288718,0.48,0.0,0.032112822532653795
2020-08-19,2020-08-19,0.486,0.49200000000000005,0.473,0.48,0.48,8528200,0.5670000000005224,0.5272380952387914,0.3594600000002295,0.4260000000001437,0.44100836,0.48,0.0,0.0
2020-08-20,2020-08-20,0.5,0.5,0.465,0.48,0.48,9881000,0.5592222222227448,0.5350952380959344,0.3634400000002295,0.4208000000001437,0.43252847,0.47200000000000003,0.0,0.04747153401374815
2020-08-21,2020-08-21,0.47,0.479,0.43200000000000005,0.47200000000000003,0.47200000000000003,11153100,0.5333333333338559,0.5440476190483152,0.3678800000002295,0.41591000000014366,0.4269395,0.41,0.0,0.04506051254272464
2020-08-24,2020-08-24,0.469,0.47,0.406,0.41,0.41,13345400,0.5122222222227448,0.5456190476197438,0.37068000000022955,0.41141000000014366,0.42613676,0.461,0.016136761903762842,0.0
2020-08-25,2020-08-25,0.473,0.475,0.43,0.461,0.461,15074300,0.49700000000052263,0.5376666666673628,0.37450000000022954,0.4079150000001437,0.42077538,0.41500000000000004,0.0,0.040224616289138815
2020-08-26,2020-08-26,0.42700000000000005,0.434,0.406,0.415,0.415,11562700,0.4738888888894115,0.5231428571435532,0.37734000000022955,0.4049900000001437,0.4000589,0.406,0.0,0.014941104650497417
2020-08-27,2020-08-27,0.41,0.41,0.368,0.406,0.406,11602600,0.45622222222274483,0.5143809523816485,0.3804400000002295,0.40281500000014375,0.37890175,0.39999999999999997,0.0,0.02709825015068057
2020-08-28,2020-08-28,0.39299999999999996,0.4,0.38299999999999995,0.4,0.4,4920400,0.4454444444449671,0.5070476190483152,0.3835400000002294,0.4013650000001438,0.3674611,0.348,0.0,0.03253891468048098
2020-08-31,2020-08-31,0.39299999999999996,0.395,0.29600000000000004,0.348,0.348,18846100,0.4302222222227449,0.49909523809593426,0.3859000000002294,0.4002400000001438,0.3612693,0.33,0.0,-0.013269295215606713
2020-09-01,2020-09-01,0.318,0.337,0.31,0.33,0.33,8242100,0.4135555555560782,0.48957142857212477,0.38784000000022933,0.39904000000014384,0.34508148,0.309,0.0,-0.015081478357315048
2020-09-02,2020-09-02,0.312,0.319,0.292,0.309,0.309,8567800,0.3945555555560782,0.4802857142864105,0.3889400000002293,0.39778500000014383,0.32720596,0.38299999999999995,0.018205955982208255,0.0
2020-09-03,2020-09-03,0.31,0.395,0.31,0.38299999999999995,0.38299999999999995,28330800,0.3846666666671893,0.4751428571435533,0.3916600000002293,0.3976450000001438,0.31271768,0.342,0.0,0.07028232383728023
2020-09-04,2020-09-04,0.371,0.375,0.312,0.342,0.342,11419100,0.3771111111116337,0.46947619047688666,0.3938000000002293,0.39755500000014377,0.28570688,0.325,0.0,0.05629312229156497
2020-09-08,2020-09-08,0.341,0.342,0.316,0.325,0.325,6163400,0.3620000000005226,0.45876190476260087,0.3957000000002293,0.3977300000001438,0.28582028,0.34,-0.03917972445487977,0.0
2020-09-09,2020-09-09,0.355,0.36,0.326,0.34,0.34,7905000,0.35366666666718927,0.4413809523816485,0.3980600000002293,0.3978850000001438,0.2807959,0.327,0.0,0.05920409798622134
2020-09-10,2020-09-10,0.33,0.332,0.318,0.327,0.327,6097500,0.3448888888894115,0.42838095238164847,0.4002000000002293,0.3981050000001438,0.29135486,0.319,0.0,0.03564513516426088
2020-09-11,2020-09-11,0.32799999999999996,0.331,0.31,0.319,0.319,5870100,0.3358888888894115,0.4150952380959342,0.40208000000022925,0.3983700000001438,0.3297605,0.33,0.010760491847991938,0.0
2020-09-14,2020-09-14,0.318,0.332,0.305,0.33,0.33,6645400,0.33388888888941154,0.4011428571435533,0.4042600000002292,0.3984750000001438,0.3343877,0.32899999999999996,0.0,-0.004387689828872665
2020-09-15,2020-09-15,0.335,0.34700000000000003,0.322,0.32899999999999996,0.32899999999999996,11650800,0.33377777777830037,0.3899047619054581,0.40646000000022925,0.39833000000014374,0.33306402,0.336,0.004064019680023234,0.0
2020-09-16,2020-09-16,0.32799999999999996,0.33899999999999997,0.313,0.336,0.336,9772900,0.3367777777783003,0.38223809523879143,0.40908000000022926,0.3981150000001437,0.32817644,0.342,-0.007823561191558859,0.0
2020-09-17,2020-09-17,0.33299999999999996,0.363,0.325,0.342,0.342,12504400,0.3322222222227448,0.37542857142926767,0.4117400000002292,0.3977000000001437,0.32133237,0.35600000000000004,-0.020667634725570705,0.0
2020-09-18,2020-09-18,0.345,0.37,0.336,0.35600000000000004,0.35600000000000004,15010200,0.3337777777783003,0.36952380952450575,0.41446000000022926,0.3972800000001437,0.31323943,0.342,0.0,0.04276057457923893
2020-09-21,2020-09-21,0.38,0.38299999999999995,0.332,0.342,0.342,13793300,0.3356666666671892,0.3629523809530772,0.4169800000002292,0.39686000000014365,0.30709147,0.33399999999999996,0.0,0.03490852546691897
2020-09-22,2020-09-22,0.34,0.342,0.318,0.33399999999999996,0.33399999999999996,9225400,0.33500000000052255,0.3563809523816486,0.4196400000002292,0.3965200000001437,0.30319563,0.31,0.0,0.030804374456405603
2020-09-23,2020-09-23,0.32,0.32799999999999996,0.305,0.31,0.31,7129500,0.33311111111163366,0.3516190476197438,0.42192000000022917,0.3960200000001437,0.2979478,0.297,0.0,0.01205220580101013
2020-09-24,2020-09-24,0.294,0.308,0.28,0.297,0.297,7477600,0.33066666666718925,0.34380952381021995,0.4235800000002292,0.39557500000014373,0.29836753,0.304,0.0013675301074981827,0.0
2020-09-25,2020-09-25,0.293,0.315,0.285,0.304,0.304,5454600,0.32777777777830036,0.33852380952450567,0.4254800000002292,0.3951300000001437,0.30580506,0.299,0.0,-0.001805057287216194
2020-09-28,2020-09-28,0.302,0.309,0.295,0.299,0.299,4317900,0.324444444444967,0.33342857142926763,0.4273200000002291,0.39475000000014376,0.31144232,0.306,0.012442315578460705,0.0
2020-09-29,2020-09-29,0.3,0.325,0.298,0.306,0.306,5426700,0.32111111111163365,0.3289523809530771,0.4284800000002291,0.39453000000014377,0.3148314,0.31,0.008831405878067022,0.0
2020-09-30,2020-09-30,0.308,0.31,0.3,0.31,0.31,3943900,0.3175555555560781,0.3271428571435533,0.42668000000022915,0.3943800000001438,0.31866592,0.303,0.0,-0.008665921688079836
2020-10-01,2020-10-01,0.307,0.31,0.297,0.303,0.303,3395800,0.31166666666718923,0.325857142857839,0.42644000000022914,0.3939300000001438,0.32650012,0.309,0.023500117778778085,0.0
2020-10-02,2020-10-02,0.299,0.309,0.29600000000000004,0.309,0.309,4393300,0.3080000000005226,0.325857142857839,0.4269400000002292,0.3935350000001437,0.32983068,0.33299999999999996,0.02083067631721497,0.0
2020-10-05,2020-10-05,0.308,0.33399999999999996,0.301,0.33299999999999996,0.33299999999999996,8079100,0.30788888888941146,0.32347619047688664,0.42606000000022914,0.3932800000001437,0.33263475,0.32799999999999996,0.0,0.0003652529716491326
2020-10-06,2020-10-06,0.341,0.35700000000000004,0.318,0.32799999999999996,0.32799999999999996,11435800,0.30988888888941146,0.32280952381022,0.42006000000022914,0.3931050000001437,0.3346293,0.331,0.006629297256469768,0.0
2020-10-07,2020-10-07,0.318,0.336,0.317,0.331,0.331,4663700,0.31366666666718923,0.3230952380959343,0.4122800000002292,0.3927350000001437,0.32854098,0.33899999999999997,-0.0024590191841125653,0.0
2020-10-08,2020-10-08,0.331,0.34299999999999997,0.322,0.33899999999999997,0.33899999999999997,8368700,0.3175555555560781,0.32304761904831525,0.40726000000022916,0.3924800000001437,0.32362998,0.35700000000000004,-0.015370024681091277,0.0
2020-10-09,2020-10-09,0.382,0.38299999999999995,0.35,0.35700000000000004,0.35700000000000004,15216600,0.3240000000005226,0.3244761904768867,0.40332000000022916,0.3923250000001437,0.32581618,0.33899999999999997,0.0,0.031183815717697183
2020-10-12,2020-10-12,0.35200000000000004,0.354,0.33,0.33899999999999997,0.33899999999999997,6271000,0.32766666666718924,0.3254285714292676,0.39980000000022914,0.39200500000014366,0.32742003,0.331,0.0,0.0115799739360809
2020-10-13,2020-10-13,0.336,0.33899999999999997,0.326,0.331,0.331,3219000,0.33000000000052254,0.3254761904768867,0.3958200000002291,0.3916600000001436,0.33033696,0.33399999999999996,-0.0006630418300628826,0.0
2020-10-14,2020-10-14,0.34600000000000003,0.34600000000000003,0.32299999999999995,0.33399999999999996,0.33399999999999996,3953900,0.333444444444967,0.3257142857149819,0.39242000000022903,0.3904350000001437,0.329229,0.325,0.0,0.004771002769470178
2020-10-15,2020-10-15,0.33,0.33,0.315,0.325,0.325,4322100,0.3352222222227448,0.32519047619117236,0.38910000000022904,0.38946000000014375,0.33877167,0.316,0.0,-0.013771671056747425
2020-10-16,2020-10-16,0.326,0.33,0.312,0.316,0.316,4263300,0.3333333333338559,0.32395238095307716,0.386200000000229,0.38848500000014374,0.3531556,0.314,0.0,-0.03715561294555664
2020-10-19,2020-10-19,0.322,0.322,0.31,0.314,0.314,4108100,0.33177777777830036,0.32195238095307716,0.381480000000229,0.3873600000001437,0.3523242,0.32299999999999995,0.038324187755584715,0.0
2020-10-20,2020-10-20,0.313,0.335,0.309,0.32299999999999995,0.32299999999999995,5981500,0.3308888888894115,0.3210476190483153,0.3738400000002291,0.38552500000014367,0.3474234,0.315,0.0,-0.024423404455184983
2020-10-21,2020-10-21,0.324,0.324,0.31,0.315,0.315,2945300,0.3282222222227448,0.32014285714355345,0.36814000000022906,0.38391500000014367,0.34293413,0.32,0.02793413162231445,0.0
2020-10-22,2020-10-22,0.32,0.327,0.312,0.32,0.32,2637800,0.32411111111163365,0.3206190476197439,0.3625800000002291,0.3825500000001436,0.34259138,0.32299999999999995,0.022591375112533563,0.0
2020-10-23,2020-10-23,0.317,0.324,0.312,0.32299999999999995,0.32299999999999995,2983000,0.32233333333385583,0.3218571428578392,0.3565800000002291,0.38081500000014357,0.34410685,0.307,0.0,-0.02110685300827031
2020-10-26,2020-10-26,0.321,0.324,0.297,0.307,0.307,3246200,0.3196666666671892,0.3220000000006963,0.35142000000022905,0.3792250000001436,0.34662166,0.3,0.0,-0.03962166237831116
2020-10-27,2020-10-27,0.305,0.307,0.29100000000000004,0.3,0.3,3093800,0.31588888888941136,0.32204761904831536,0.34748000000022905,0.3778250000001436,0.3490528,0.29,0.0,-0.04905278682708741
2020-10-28,2020-10-28,0.295,0.29600000000000004,0.28,0.29,0.29,3185600,0.31200000000052247,0.32128571428641056,0.34358000000022904,0.37627500000014363,0.34378946,0.292,0.05378945827484133,0.0
2020-10-29,2020-10-29,0.3,0.3,0.28300000000000003,0.292,0.292,2449400,0.3093333333338558,0.32042857142926773,0.33982000000022905,0.37441000000014363,0.338567,0.281,0.0,-0.04656698870658876
2020-10-30,2020-10-30,0.29,0.292,0.28,0.281,0.281,2691200,0.30566666666718917,0.31938095238164865,0.33584000000022907,0.37233000000014366,0.3333376,0.275,0.0,-0.05233760499954221
2020-11-02,2020-11-02,0.29,0.29,0.25,0.275,0.275,3611800,0.3003333333338558,0.3177619047626011,0.331900000000229,0.3700650000001437,0.32840583,0.287,0.05340582728385923,0.0
2020-11-03,2020-11-03,0.28,0.29,0.278,0.287,0.287,2317800,0.2972222222227447,0.31557142857212483,0.32944000000022894,0.36805000000014376,0.32585937,0.284,0.0,-0.03885936784744265
2020-11-04,2020-11-04,0.29,0.29600000000000004,0.281,0.284,0.284,2142100,0.2932222222227447,0.31347619047688674,0.32590000000022895,0.3659350000001438,0.32604197,0.287,0.04204196667671206,0.0
2020-11-05,2020-11-05,0.289,0.29,0.27699999999999997,0.287,0.287,2298500,0.2892222222227447,0.3113809523816486,0.32334000000022894,0.36388000000014387,0.32473925,0.28,0.0,-0.03773924756050112
2020-11-06,2020-11-06,0.29100000000000004,0.301,0.273,0.28,0.28,4595100,0.2862222222227447,0.30857142857212483,0.32082000000022903,0.36193000000014386,0.32532772,0.29100000000000004,0.045327724218368504,0.0
2020-11-09,2020-11-09,0.285,0.297,0.276,0.29100000000000004,0.29100000000000004,5130000,0.2852222222227447,0.3054285714292677,0.318640000000229,0.3604250000001439,0.32695776,0.308,0.03595776224136349,0.0
2020-11-10,2020-11-10,0.278,0.327,0.275,0.308,0.308,11957700,0.2872222222227447,0.30395238095307725,0.31784000000022905,0.35882000000014386,0.3220896,0.298,0.0,-0.014089612483978275
2020-11-11,2020-11-11,0.31,0.314,0.29100000000000004,0.298,0.298,4935400,0.28788888888941133,0.30238095238164864,0.317200000000229,0.35736000000014384,0.3131783,0.29100000000000004,0.0,-0.015178300857543958
2020-11-12,2020-11-12,0.298,0.299,0.285,0.29100000000000004,0.29100000000000004,2858300,0.28900000000052245,0.3003333333340296,0.316840000000229,0.35614000000014384,0.30503348,0.28800000000000003,0.0,-0.014033475160598718
2020-11-13,2020-11-13,0.292,0.292,0.281,0.28800000000000003,0.28800000000000003,3154800,0.2904444444449669,0.2985714285721249,0.314940000000229,0.35493000000014385,0.30405474,0.284,0.0,-0.01605473709106442
2020-11-16,2020-11-16,0.28800000000000003,0.29100000000000004,0.282,0.284,0.284,4364900,0.29011111111163357,0.29704761904831534,0.313780000000229,0.3537500000001439,0.30923945,0.29100000000000004,0.025239447116851832,0.0
2020-11-17,2020-11-17,0.287,0.3,0.28300000000000003,0.29100000000000004,0.29100000000000004,14519600,0.2908888888894114,0.2959523809530773,0.313100000000229,0.35245000000014387,0.3208037,0.306,0.029803701877593958,0.0
2020-11-18,2020-11-18,0.292,0.315,0.292,0.306,0.306,23738900,0.2930000000005225,0.2951428571435535,0.31242000000022896,0.35126000000014385,0.30723187,0.319,0.001231873273849493,0.0
2020-11-19,2020-11-19,0.308,0.324,0.29,0.319,0.319,25190600,0.2973333333338558,0.29533333333402967,0.312260000000229,0.3501800000001439,0.27799943,0.312,0.0,0.04100056910514832
2020-11-20,2020-11-20,0.32299999999999995,0.342,0.301,0.312,0.312,23279100,0.2996666666671891,0.2949523809530773,0.312120000000229,0.3491850000001439,0.24091631,0.297,0.0,0.07108368825912476
2020-11-23,2020-11-23,0.3,0.304,0.29,0.297,0.297,12361100,0.2984444444449669,0.29371428571498204,0.311460000000229,0.3478700000001439,0.20610759,0.289,0.0,0.09089241337776183
2020-11-24,2020-11-24,0.297,0.298,0.285,0.289,0.289,10455900,0.2974444444449669,0.29285714285783915,0.310660000000229,0.34628000000014386,0.20159243,0.292,-0.08740756952762602,0.0
2020-11-25,2020-11-25,0.29,0.299,0.29,0.292,0.292,7798700,0.29755555555607804,0.2924761904768867,0.30978000000022893,0.3449000000001439,0.22409567,0.299,-0.06790432763099669,0.0
2020-11-27,2020-11-27,0.3,0.306,0.292,0.299,0.299,6139100,0.2987777777783002,0.29290476190545817,0.30892000000022896,0.3435950000001439,0.2569909,0.319,-0.04200909042358397,0.0
2020-11-30,2020-11-30,0.3,0.321,0.28800000000000003,0.319,0.319,22880000,0.3026666666671891,0.2941904761911725,0.30818000000022894,0.34236500000014397,0.28133544,0.34,-0.03766455674171448,0.0
2020-12-01,2020-12-01,0.35,0.385,0.32,0.34,0.34,42503000,0.3081111111116336,0.2970000000006963,0.30814000000022895,0.3413650000001439,0.27749944,0.319,0.0,0.0625005626678467
2020-12-02,2020-12-02,0.308,0.324,0.29,0.319,0.319,18788700,0.309555555556078,0.29909523809593436,0.307840000000229,0.34028500000014394,0.24560632,0.303,0.0,0.07339368188381196
2020-12-03,2020-12-03,0.312,0.315,0.3,0.303,0.303,10133800,0.30777777777830023,0.29985714285783915,0.30770000000022896,0.3391000000001439,0.20774156,0.31,-0.09525844144821166,0.0
2020-12-04,2020-12-04,0.302,0.317,0.3,0.31,0.31,11905000,0.30755555555607805,0.30109523809593436,0.30796000000022894,0.33806500000014394,0.18489638,0.305,0.0,0.12510362029075622
2020-12-07,2020-12-07,0.307,0.314,0.3,0.305,0.305,9539600,0.30844444444496694,0.3019523809530772,0.30798000000022896,0.337035000000144,0.21381521,0.303,0.0,0.09118478775024413
2020-12-08,2020-12-08,0.3,0.304,0.293,0.303,0.303,9168400,0.31000000000052247,0.3030476190483153,0.308060000000229,0.336230000000144,0.270201,0.29600000000000004,0.0,0.032799002408981315
2020-12-09,2020-12-09,0.3,0.302,0.29,0.29600000000000004,0.29600000000000004,10990300,0.31044444444496694,0.30328571428641055,0.307860000000229,0.335625000000144,0.28471744,0.29100000000000004,0.0,0.011282559394836467
2020-12-10,2020-12-10,0.287,0.29600000000000004,0.285,0.29100000000000004,0.29100000000000004,14454400,0.30955555555607805,0.30247619047688673,0.30748000000022896,0.335025000000144,0.2809996,0.305,-0.010000399112701452,0.0
2020-12-11,2020-12-11,0.315,0.316,0.29100000000000004,0.305,0.305,18746100,0.3080000000005225,0.3028095238102201,0.30752000000022894,0.33430000000014404,0.27782655,0.295,0.0,0.02717345237731933
2020-12-14,2020-12-14,0.29600000000000004,0.304,0.294,0.295,0.295,8630700,0.3030000000005225,0.3030000000006962,0.307240000000229,0.33338500000014404,0.26535493,0.297,-0.02964506864547728,0.0
2020-12-15,2020-12-15,0.292,0.3,0.29,0.297,0.297,6567700,0.3005555555560781,0.3034285714292676,0.306520000000229,0.3324350000001441,0.2574357,0.3,-0.03956429076194762,0.0
2020-12-16,2020-12-16,0.298,0.307,0.29600000000000004,0.3,0.3,7061100,0.30022222222274475,0.3041904761911724,0.305960000000229,0.33162500000014405,0.262144,0.299,0.0,0.037856000661849964
2020-12-17,2020-12-17,0.3,0.304,0.294,0.299,0.299,6170600,0.2990000000005225,0.30457142857212477,0.305320000000229,0.33069500000014407,0.28130972,0.294,0.0,0.017690276145935047
2020-12-18,2020-12-18,0.299,0.3,0.289,0.294,0.294,5395600,0.2977777777783003,0.30400000000069616,0.304420000000229,0.32986500000014407,0.30387262,0.294,0.0,0.0
2020-12-21,2020-12-21,0.29100000000000004,0.29600000000000004,0.28600000000000003,0.294,0.294,7558000,0.2967777777783003,0.30280952381021997,0.303160000000229,0.3293600000001441,0.30757695,0.805,0.013576954364776628,0.0
2020-12-22,2020-12-22,0.473,0.83,0.40700000000000003,0.805,0.805,706724200,0.35333333333385586,0.3262857142864104,0.312480000000229,0.3313850000001441,0.15964068,2.6,-0.645359315276146,0.0
2020-12-23,2020-12-23,2.04,3.05,1.84,2.6,2.6,918194300,0.6098888888894114,0.4359523809530771,0.357860000000229,0.34258000000014405,-0.27572158,1.76,0.0,2.8757215797901154
2020-12-24,2020-12-24,2.24,2.25,1.61,1.76,1.76,157141100,0.7715555555560781,0.5060000000006961,0.38638000000022904,0.34974000000014405,-1.2470049,2.25,-3.0070048666000364,0.0
2020-12-28,2020-12-28,2.39,2.47,2.1,2.25,2.25,141117800,0.9887777777783003,0.5992380952387913,0.4248800000002291,0.35946000000014405,-2.0336437,2.17,0.0,4.28364372253418
2020-12-29,2020-12-29,2.16,2.2,1.85,2.17,2.17,52227000,1.1968888888894114,0.6883333333340295,0.46196000000022913,0.36901000000014406,-2.181459,1.9700000000000002,0.0,4.3514589500427245
2020-12-30,2020-12-30,1.99,2.09,1.9,1.97,1.97,40912400,1.3824444444449668,0.7669523809530772,0.4950800000002291,0.37740000000014406,-0.57066137,1.83,0.0,2.54066136598587
2020-12-31,2020-12-31,1.88,1.9,1.72,1.83,1.83,38374600,1.5525555555560782,0.8379047619054583,0.5252200000002292,0.385175000000144,1.0564191,3.0700000000000003,-0.7735808658599854,0.0
2021-01-04,2021-01-04,3.42,3.5,2.8,3.07,3.07,169856700,1.8610000000005225,0.9689047619054583,0.5803200000002291,0.399040000000144,1.4719834,2.77,0.0,1.5980165672302244
2021-01-05,2021-01-05,2.98,2.99,2.46,2.77,2.77,52028000,2.1361111111116333,1.0863809523816488,0.6293200000002291,0.411360000000144,1.658636,2.61,0.0,1.1113640260696411
2021-01-06,2021-01-06,2.6,2.7,2.4,2.61,2.61,36786600,2.336666666667189,1.1959047619054584,0.675060000000229,0.422970000000144,1.6670554,2.8,-0.942944631576538,0.0
2021-01-07,2021-01-07,2.56,2.85,2.42,2.8,2.8,30713100,2.3588888888894113,1.314714285714982,0.7249200000002289,0.43544500000014397,1.722031,2.69,0.0,1.0779690027236937
2021-01-08,2021-01-08,2.68,2.75,2.56,2.69,2.69,23763100,2.4622222222227443,1.4283809523816489,0.772720000000229,0.4473750000001439,1.8954165,2.49,0.0,0.7945835018157958
2021-01-11,2021-01-11,2.58,2.67,2.46,2.49,2.49,21835400,2.488888888889411,1.5328571428578395,0.816720000000229,0.45807500000014395,2.0677655,2.23,0.0,0.4222345256805422
2021-01-12,2021-01-12,2.358,2.38,2.11,2.23,2.23,27956500,2.4955555555560784,1.6251904761911729,0.855480000000229,0.46772500000014394,2.0350852,2.5,-0.19491479873657225,0.0
2021-01-13,2021-01-13,2.08,2.84,1.96,2.5,2.5,90293300,2.554444444444967,1.7297142857149823,0.899860000000229,0.47875000000014395,1.9977224,2.18,0.0,0.5022776126861572
2021-01-14,2021-01-14,2.35,2.44,2.18,2.18,2.18,22611500,2.5933333333338564,1.819476190476887,0.937960000000229,0.488245000000144,1.8940405,2.22,-0.2859595346450807,0.0
2021-01-15,2021-01-15,2.26,2.38,2.12,2.22,2.22,17853800,2.498888888889412,1.9110476190483157,0.976620000000229,0.4979300000001439,1.7769946,2.34,-0.44300541400909443,0.0
2021-01-19,2021-01-19,2.443,2.45,2.28,2.34,2.34,26476000,2.451111111111634,2.008190476191173,1.017740000000229,0.508230000000144,1.7236184,2.23,0.0,0.6163816118240355
2021-01-20,2021-01-20,2.39,2.39,2.16,2.23,2.23,16572500,2.408888888889412,2.100142857143554,1.056600000000229,0.517980000000144,1.7604917,2.25,-0.4695082712173462,0.0
2021-01-21,2021-01-21,2.21,2.34,2.13,2.25,2.25,17452200,2.3477777777783007,2.1932857142864113,1.0960000000002288,0.527785000000144,1.8783032,2.18,0.0,0.3716968297958374
2021-01-22,2021-01-22,2.21,2.25,2.16,2.18,2.18,13812400,2.291111111111634,2.2830952380959353,1.133780000000229,0.537110000000144,1.8706914,2.08,0.0,0.30930858135223405
2021-01-25,2021-01-25,2.073,2.15,2.0,2.08,2.08,23564600,2.2455555555560784,2.343809523810221,1.1692200000002289,0.545975000000144,1.8453398,1.92,0.0,0.23466022491455085
2021-01-26,2021-01-26,2.0269999999999997,2.03,1.86,1.92,1.92,25558100,2.211111111111634,2.3114285714292686,1.2016600000002289,0.554020000000144,1.78713,1.6600000000000001,0.0,0.13287000179290764
2021-01-27,2021-01-27,1.67,1.81,1.4,1.66,1.66,35390300,2.1177777777783007,2.3066666666673634,1.2290400000002288,0.560735000000144,1.6611179,1.82,0.0011179113388062323,0.0
2021-01-28,2021-01-28,1.595,1.98,1.595,1.82,1.82,27243000,2.0777777777783006,2.286190476191173,1.259680000000229,0.5682350000001439,1.550952,1.77,0.0,0.26904804229736334
2021-01-29,2021-01-29,1.84,1.95,1.74,1.77,1.77,16040800,2.027777777778301,2.267142857143554,1.2894000000002288,0.574985000000144,1.4593416,1.81,-0.3106583547592163,0.0
2021-02-01,2021-02-01,1.829,1.85,1.72,1.81,1.81,11824500,1.9688888888894118,2.2595238095245067,1.3197800000002289,0.581880000000144,1.4173238,3.26,-0.3926761722564698,0.0
2021-02-02,2021-02-02,2.08,3.73,2.01,3.26,3.26,410442100,2.083333333333856,2.327619047619745,1.3788600000002291,0.595855000000144,1.4575555,2.81,0.0,1.8024444675445555
2021-02-03,2021-02-03,2.83,3.03,2.57,2.81,2.81,69091100,2.1455555555560784,2.3152380952387923,1.428680000000229,0.6077550000001439,1.3766686,3.25,-1.4333314275741578,0.0
2021-02-04,2021-02-04,3.26,3.69,3.17,3.25,3.25,68333500,2.264444444444967,2.338095238095935,1.487440000000229,0.622030000000144,1.3310512,5.25,-1.918948769569397,0.0
2021-02-05,2021-02-05,3.42,5.9,3.11,5.25,5.25,335290300,2.61666666666719,2.463809523810221,1.5865000000002292,0.6465800000001439,1.4290004,15.81,-3.8209996223449707,0.0
2021-02-08,2021-02-08,9.28,18.77,9.13,15.81,15.81,719521500,4.160000000000523,3.0833333333340303,1.896920000000229,0.724020000000144,2.9611838,12.610000000000001,0.0,12.848816213607789
2021-02-09,2021-02-09,12.94,14.59,11.21,12.61,12.61,153404000,5.37666666666719,3.555714285714983,2.143280000000229,0.785515000000144,4.625016,10.25,0.0,7.9849837875366205
2021-02-10,2021-02-10,11.54,11.59,9.5,10.25,10.25,80805100,6.313333333333857,3.9252380952387926,2.342300000000229,0.835165000000144,5.3258386,10.99,-4.924161434173584,0.0
2021-02-11,2021-02-11,9.6,13.5,8.92,10.99,10.99,123703100,7.337777777778301,4.3423809523816495,2.5557200000002287,0.8885200000001441,6.25148,10.28,0.0,4.738519897460938
2021-02-12,2021-02-12,9.85,10.91,9.6,10.28,10.28,33684100,8.278888888889412,4.71285714285784,2.7545200000002286,0.9383350000001441,7.757342,10.96,-2.522658138275146,0.0
2021-02-16,2021-02-16,11.32,11.97,10.63,10.96,10.96,26823100,9.134444444444968,5.130952380953078,2.967340000000229,0.9915700000001442,8.72322,10.23,0.0,2.2367801284790048
2021-02-17,2021-02-17,10.8,10.85,9.91,10.23,10.23,16369100,9.958888888889412,5.512380952381649,3.1658800000002287,1.041040000000144,8.553777,10.17,0.0,1.6762232589721684
2021-02-18,2021-02-18,9.95,10.95,9.88,10.17,10.17,19493900,10.727777777778302,5.885238095238792,3.3630800000002283,1.090170000000144,8.605621,10.27,-1.564378662109375,0.0
2021-02-19,2021-02-19,10.45,10.68,10.1,10.27,10.27,12903700,11.28555555555608,6.2680952380959365,3.5623800000002284,1.1398200000001442,8.7522,9.18,0.0,1.5177998733520504
2021-02-22,2021-02-22,10.21,10.41,9.05,9.18,9.18,20475900,10.548888888889413,6.598095238095937,3.739920000000229,1.1840500000001442,8.710147,8.59,0.0,0.4698530960083005
2021-02-23,2021-02-23,7.71,8.92,6.0,8.59,8.59,38496700,10.102222222222746,6.903333333334031,3.905800000000229,1.225350000000144,8.165315,8.93,-0.42468532562255845,0.0
2021-02-24,2021-02-24,8.84,9.87,8.65,8.93,8.93,19645500,9.95555555555608,7.229523809524507,4.078580000000229,1.268425000000144,7.899225,8.0,0.0,1.0307747650146482
2021-02-25,2021-02-25,8.36,8.66,7.84,8.0,8.0,15281400,9.623333333333857,7.519047619048318,4.232480000000229,1.3067750000001441,7.541976,10.95,-0.4580240249633789,0.0
2021-02-26,2021-02-26,8.05,11.95,7.62,10.95,10.95,95345200,9.697777777778303,7.96142857142927,4.445580000000229,1.3598500000001443,7.3840833,10.02,0.0,3.565916728973388
2021-03-01,2021-03-01,10.724,10.77,9.23,10.02,10.02,37656600,9.593333333333858,8.35190476190546,4.640040000000229,1.408385000000144,7.423358,9.6,0.0,2.596642036437988
2021-03-02,2021-03-02,9.52,10.37,9.37,9.6,9.6,17442100,9.523333333333857,8.724761904762603,4.826040000000229,1.4548800000001443,7.7063913,10.46,-1.8936086654663082,0.0
2021-03-03,2021-03-03,12.03,14.05,10.4,10.46,10.46,181046700,9.555555555556078,9.136666666667365,5.029260000000229,1.5056800000001442,8.066884,8.97,0.0,2.3931159591674813
2021-03-04,2021-03-04,10.07,10.4,8.4,8.97,8.97,35995900,9.411111111111634,9.408571428572127,5.20278000000023,1.5490050000001443,8.156971,8.74,0.0,0.8130290222167975
2021-03-05,2021-03-05,9.16,9.34,7.48,8.74,8.74,32294200,9.362222222222746,9.69095238095308,5.371700000000231,1.5911300000001445,8.020513,8.63,0.0,0.7194874191284182
2021-03-08,2021-03-08,8.93,9.29,8.3,8.63,8.63,23657500,9.36666666666719,9.947142857143556,5.52820000000023,1.6327300000001443,7.718116,8.78,-0.9118841934204109,0.0
2021-03-09,2021-03-09,8.39,9.11,8.2,8.78,8.78,29339300,9.350000000000522,10.115238095238794,5.651800000000229,1.6750350000001442,7.5340695,8.11,0.0,1.2459304618835443
2021-03-10,2021-03-10,8.64,8.72,7.93,8.11,8.11,24537400,9.362222222222744,9.748571428572129,5.7788000000002295,1.7140250000001442,7.2761364,9.6,-0.8338636016845697,0.0
2021-03-11,2021-03-11,8.1,10.65,8.03,9.6,9.6,93348400,9.212222222222742,9.605238095238795,5.92580000000023,1.7603750000001444,7.2114687,10.0,-2.3885313034057614,0.0
2021-03-12,2021-03-12,9.97,10.8,9.75,10.0,10.0,34397800,9.210000000000521,9.593333333334034,6.08240000000023,1.8087600000001445,7.4049582,9.9,0.0,2.5950417518615723
2021-03-15,2021-03-15,9.7,10.45,9.245,9.9,9.9,46446800,9.243333333333856,9.541428571429272,6.241000000000229,1.8567000000001443,7.5235863,9.13,0.0,2.376413726806641
2021-03-16,2021-03-16,9.86,10.15,8.84,9.13,9.13,20074300,9.095555555556079,9.486666666667366,6.387000000000229,1.9008000000001442,7.6355333,9.55,-1.4944666671752938,0.0
2021-03-17,2021-03-17,8.85,9.56,8.84,9.55,9.55,16704100,9.160000000000522,9.41952380952451,6.5166000000002295,1.9474000000001441,7.776727,8.9,0.0,1.7732728004455574
2021-03-18,2021-03-18,9.21,10.35,8.76,8.9,8.9,32932800,9.177777777778301,9.356190476191177,6.639200000000229,1.990795000000144,7.93655,8.92,-0.963449859619141,0.0
2021-03-19,2021-03-19,8.92,9.06,8.64,8.92,8.92,24190500,9.210000000000525,9.296666666667367,6.76540000000023,2.034280000000144,7.754588,8.53,0.0,1.1654118728637695
2021-03-22,2021-03-22,8.92,9.04,8.41,8.53,8.53,14026900,9.182222222222746,9.213809523810223,6.880000000000228,2.075805000000144,7.612413,8.08,0.0,0.9175870704650873
2021-03-23,2021-03-23,8.4,8.58,7.955,8.08,8.08,14799900,9.178888888889412,9.161428571429273,6.987800000000228,2.1149550000001436,7.401621,7.42,0.0,0.678379135131836
2021-03-24,2021-03-24,8.04,8.16,7.36,7.42,7.42,16086700,8.936666666667191,9.105714285714985,7.0864000000002285,2.1506350000001437,7.1618977,7.7,-0.2581023406982421,0.0
2021-03-25,2021-03-25,7.11,7.88,6.66,7.7,7.7,16150100,8.681111111111637,9.047142857143555,7.195800000000228,2.187640000000144,6.8714385,7.129999999999999,0.0,0.8285614967346193
2021-03-26,2021-03-26,7.75,7.75,6.9,7.13,7.13,12734700,8.373333333333857,9.005714285714983,7.288400000000228,2.2218850000001438,6.634638,6.5,0.0,0.49536216735839833
2021-03-29,2021-03-29,6.98,7.0,6.49,6.5,6.5,13387800,8.081111111111635,8.793809523810223,7.374800000000228,2.2531350000001438,6.3011665,6.75,-0.19883346557617188,0.0
2021-03-30,2021-03-30,6.15,7.07,5.85,6.75,6.75,23092500,7.770000000000525,8.638095238095937,7.465400000000227,2.2855350000001438,5.999402,6.79,-0.7505979537963867,0.0
2021-03-31,2021-03-31,7.75,7.75,6.72,6.79,6.79,29762400,7.535555555556081,8.504285714286413,7.554400000000228,2.318135000000144,5.9106855,6.7,0.0,0.8793144607543946
2021-04-01,2021-04-01,6.9,6.96,6.63,6.7,6.7,11062000,7.288888888889414,8.325238095238793,7.643800000000227,2.350270000000144,5.805604,6.570000000000001,0.0,0.8943960189819338
2021-04-05,2021-04-05,6.755,6.8,6.44,6.57,6.57,10053100,7.071111111111637,8.210952380953078,7.730200000000227,2.3818650000001442,5.670206,6.35,0.0,0.8997939300537112
2021-04-06,2021-04-06,6.53,6.53,6.15,6.35,6.35,10399000,6.878888888889414,8.097142857143554,7.8136000000002275,2.412390000000144,5.612202,6.89,-0.7377978324890133,0.0
2021-04-07,2021-04-07,6.4,8.25,6.28,6.89,6.89,86840500,6.820000000000525,8.01428571428641,7.909800000000228,2.445690000000144,5.6915402,6.91,-1.1984597587585446,0.0
2021-04-08,2021-04-08,7.07,7.33,6.65,6.91,6.91,21545300,6.732222222222747,7.925238095238791,8.009600000000228,2.4790750000001442,5.625159,6.959999999999999,-1.2848412132263185,0.0
2021-04-09,2021-04-09,6.79,7.25,6.757999999999999,6.96,6.96,18106700,6.713333333333857,7.870476190476888,8.115600000000226,2.512605000000144,5.585633,6.68,0.0,1.3743671989440918
2021-04-12,2021-04-12,6.94,7.08,6.66,6.68,6.68,11063500,6.7333333333338565,7.731428571429269,8.212800000000227,2.5447700000001436,5.57325,6.709999999999999,-1.1067501831054685,0.0
2021-04-13,2021-04-13,6.84,6.98,6.55,6.71,6.71,13071300,6.728888888889411,7.574761904762603,8.311600000000228,2.5771450000001437,5.644681,6.900000000000001,-1.0653190231323242,0.0
2021-04-14,2021-04-14,6.747999999999999,7.49,6.68,6.9,6.9,32970000,6.741111111111635,7.43190476190546,8.413400000000227,2.6104950000001437,5.7813272,6.1499999999999995,0.0,1.1186727523803714
2021-04-15,2021-04-15,6.86,6.89,6.06,6.15,6.15,18546800,6.680000000000523,7.290000000000698,8.471200000000227,2.6401350000001433,5.7032957,5.78,0.0,0.44670429229736364
2021-04-16,2021-04-16,5.92,5.99,5.51,5.78,5.78,17354700,6.592222222222746,7.110476190476889,8.530600000000225,2.6679350000001434,5.502642,5.639999999999999,0.0,0.27735784530639673
2021-04-19,2021-04-19,5.39,5.93,5.29,5.64,5.64,12351100,6.513333333333856,6.955238095238792,8.578400000000226,2.695010000000143,5.2642784,5.52,0.0,0.3757215881347653
2021-04-20,2021-04-20,5.61,5.67,5.2379999999999995,5.52,5.52,13478700,6.361111111111634,6.793333333334031,8.583800000000226,2.721505000000143,5.050076,6.5,-0.469923992156982,0.0
2021-04-21,2021-04-21,6.65,6.76,5.83,6.5,6.5,136483100,6.315555555556078,6.696666666667364,8.397600000000224,2.7529100000001425,4.9673243,9.29,-1.5326757431030273,0.0
2021-04-22,2021-04-22,6.71,9.55,6.58,9.29,9.29,231428300,6.574444444444968,6.754285714286412,8.331200000000225,2.7983350000001423,5.0839553,9.63,-4.2060447120666495,0.0
